CRIM,INDUS,RM,RAD,TAX,PTRATIO,B,LSTAT
1.2638834128681882e-05,0.004619573866654295,0.013148787087987876,0.0019998155266901714,0.5919453959002907,0.03059717755835962,0.7937267825433288,0.009959081322917054
5.785298888267446e-05,0.014976954646668195,0.013602125288013647,0.004236762276285204,0.5126482354305096,0.03770718425893831,0.8407854737287986,0.01936200360262338
5.857299465383993e-05,0.015174462154732444,0.015421288625424695,0.004292634272908753,0.5194087470219592,0.0382044450288879,0.8431377607133728,0.008649658059911138
7.10489715189246e-05,0.004784885941033538,0.015359922851079223,0.0065847054234406495,0.4872682013346081,0.04104466380611338,0.8661741004174611,0.006453011314971837
0.00015059659562812453,0.004754534083552664,0.015587456465665547,0.0065429368122284365,0.4841773241049043,0.04078430612955725,0.8656305402578222,0.011624617736392524
6.536735948270455e-05,0.004773897610462175,0.014080808089574213,0.0065695838676084976,0.4861492062030288,0.04095040610809297,0.8630681313006203,0.011409177316746757
0.00017370231438968263,0.01548348866515803,0.011828047503803058,0.009837032188791632,0.6118634021428395,0.029904577853926563,0.778305986777194,0.024454862021336
0.00028111686762877973,0.015305359724929064,0.012003135987580963,0.009723862595253534,0.6048242534247699,0.029560542289570745,0.7718802128112255,0.037242393739821036
0.0004161665276689189,0.015504784002813823,0.011093702505698175,0.009850561628217168,0.6127049332751079,0.02994570734978019,0.7617045284635208,0.05896546190650797
0.0003370660300938632,0.015600503745228788,0.011901578714911517,0.009911374679306728,0.6164875050528784,0.03013057902509245,0.7665655404469408,0.03389690140322901
0.0004404875764321018,0.015414812692963853,0.012490503245620139,0.009793400694386183,0.6091495231908206,0.029771938110933996,0.7688211281120929,0.04005500884003949
0.00022956301336153604,0.015379764324127763,0.011742948389286372,0.009771133623969355,0.6077645114108938,0.029704246216866837,0.7756325870706873,0.025932588638014665
0.00018699316396525776,0.015692431226344408,0.01174240501803586,0.009969778415720717,0.6201202174578286,0.030308126383790976,0.778639694267788,0.031325043782194494
0.0012440710696253333,0.01608031393983456,0.011752062362171474,0.007901874171908874,0.6064688426940061,0.041484839402521595,0.7840634647076581,0.016317370164991827
0.001284970453655855,0.016395478545298544,0.01227848122999262,0.008056746213905917,0.6183552719172792,0.04229791762300607,0.7654311740521317,0.02066555403866868
0.0012433773214394564,0.01613205724751299,0.01156196830245587,0.007927300858728743,0.608420340907431,0.0416183295083259,0.7840496914325663,0.016786059568358113
0.0021275941923455965,0.016432416503651244,0.011981129232084782,0.008074897544791767,0.6197483865627681,0.04239321211015677,0.7809435288006737,0.013283206461182456
0.0015643602957441688,0.016238067849218992,0.011949143294449849,0.007979394520500734,0.6124185294484312,0.04189182123262885,0.7715077077009146,0.029264429403936438
0.0018930112233123636,0.01919636152254568,0.012866750425922509,0.009433101485280431,0.7239905389952731,0.04952378279772226,0.6815179995577979,0.02756823909073206
0.001444053803197264,0.016195367812104892,0.011394455953307703,0.007958411701280045,0.6108080980732434,0.041781661431720234,0.7778352636538582,0.022442720997609723
0.002520320214361827,0.01638885639356863,0.011214487728768706,0.008053492085291708,0.6181055175461386,0.04228083344778147,0.7581758786395747,0.042321100908207926
0.0016805402890629634,0.01605511238084189,0.011765202131661164,0.007889490113435817,0.605518366206199,0.041419823095538044,0.7742153885567403,0.02727791206720434
0.0024118992380233097,0.015929685750979528,0.012019671975739098,0.007827855405886746,0.6007879024018077,0.04109624088090542,0.7767189526491123,0.036634363299549964
0.00193519439905296,0.015936872017533965,0.011380962781071858,0.00783138674080293,0.6010589323566249,0.041114780389215386,0.7724488311790971,0.038921992101790565
0.0014729560897678406,0.015980943367246318,0.011630357310511938,0.007853043423708263,0.6027210827696092,0.04122847797446838,0.7741726533177199,0.03200115195161118
0.001905867750980535,0.018456900912486685,0.012695354816832058,0.009069730178126135,0.6961017911711808,0.04761608343516221,0.687984382661758,0.03743531131021562
0.001356796938603124,0.016437211948370212,0.011738269417183788,0.00807725402868315,0.6199292467014318,0.04240558365058654,0.7610388745825265,0.02990603304119937
0.0021540199528718436,0.018345127401337986,0.013628130884016067,0.009014804619822106,0.6918862545713466,0.047327724254066054,0.6904889598552741,0.0389439559576315
0.001532528810496636,0.01613835174768447,0.01287697722373595,0.007930393979206127,0.6086577379040703,0.04163456839083217,0.7691292600733062,0.025377260733459608
0.002016321628226451,0.016372744828932428,0.013424041644753689,0.008045574854512249,0.6174978700838152,0.04223926798618931,0.7647922317327982,0.024096496689264186
0.0023380997389054747,0.01683053021700424,0.011812385642474842,0.008270530819166701,0.6347632403710444,0.04342028680062519,0.7446992712848178,0.04672849912829187
0.0027262626789932376,0.016381081114182232,0.012219401047335935,0.008049671309180459,0.6178122729796002,0.042260774373197404,0.7581381680768885,0.02624192846792829
0.003509454676263842,0.020581532334373934,0.015044240465543599,0.010113775102886453,0.7762322391465353,0.05309731929015388,0.5881160222328472,0.0700631770252459
0.0023865124144271757,0.016867130078002647,0.011813207441608487,0.00828851600884651,0.6361436036789696,0.043514709046444174,0.7434177221234656,0.03802356719058336
0.003955085983666838,0.019961557958760468,0.01494909795044273,0.009809119390054284,0.7528499131866663,0.05149787679778499,0.6089256089360948,0.04987937209842603
0.00013082535930498086,0.012150835927344334,0.012095790194116432,0.010193654301463368,0.5688059100216559,0.039143632517619334,0.809172278450162,0.019734914727633078
0.000205527705347488,0.01257127590179627,0.012320272238656378,0.010546372400835797,0.5884875799666375,0.04049807001920946,0.7963776727319126,0.024066821818707288
0.0001643922890279002,0.012225830329501936,0.012000185809997706,0.010256569068374107,0.5723165540152753,0.03938522522255657,0.8141664526475366,0.017990022145928184
0.00036177653273176654,0.01231755575596303,0.012329955979878428,0.010333519929499185,0.5766104120660546,0.03968071652927687,0.813103349172573,0.020935711377165354
5.804680239469759e-05,0.0061975413342149075,0.013855181389541461,0.006302584407676177,0.5294170902447989,0.038445764886824677,0.8311638230696419,0.009075721547053694
7.060571782442019e-05,0.006200859410004156,0.014764351354531928,0.006305958722038124,0.5297005326512024,0.03846634820443256,0.8315877965375742,0.004161932756545162
0.0002826299830216523,0.015324648326111249,0.015014163410676289,0.006653248187892004,0.5167356092596123,0.03969771418775562,0.8547427946984858,0.010733907076465767
0.0003149994591600852,0.015382659101033138,0.013733085961544635,0.006678433763111348,0.5186916889349814,0.039847988119897704,0.8534370505879991,0.012933900054558977
0.0003473932548382898,0.015063299390892208,0.01353953003137938,0.006539782658853347,0.50792311983761,0.03902070319782497,0.859894222537097,0.016218660993956302
0.00026898218784306323,0.015149294302678026,0.013305508990297095,0.006577117642262529,0.5108228035490564,0.039243468598833084,0.8536879462402021,0.020937157827869052
0.0003709894442529752,0.014954713917792895,0.012297059982764,0.006492639906422386,0.5042616993988053,0.03873941810832023,0.8589762596196816,0.02209661781485752
0.00040759048743487945,0.014952486027686437,0.012520272670939756,0.006491672660355906,0.5041865766209753,0.0387336468734569,0.8588482929650862,0.030619056048012024
0.0004925772616605329,0.01484585370120069,0.012955209525070935,0.0064453778731696195,0.5005910148161737,0.03845742130991206,0.8437859019695455,0.04039103467186295
0.0005384562935733735,0.014656056204325094,0.01145123696774981,0.006362976644424787,0.49419118605032514,0.037965760645067896,0.8418218100573993,0.06534777013824256
0.0004724642832123678,0.014855204063327396,0.012043249372324177,0.006449437364686278,0.5009063019906342,0.038481642942628125,0.8532605633479946,0.0348269617693059
0.00018976071757784087,0.01206187813748476,0.012752655910252061,0.00855452350176224,0.5196873027320561,0.03592899870740141,0.845956829089268,0.028764585274675535
9.263914652336896e-05,0.012047147484247197,0.013061756536555252,0.008544076229962552,0.519052630970225,0.03588512016584272,0.8415274280795867,0.020142659712136714
0.0001148218232482504,0.012081997819405452,0.013947852447189522,0.00856879277972018,0.5205541613680008,0.035988929674824754,0.8502384635677347,0.011310806469230637
0.00010669077039674756,0.012080625276804983,0.012847445108205017,0.008567819345251762,0.5204950252240444,0.0359848412500574,0.8501418745326059,0.018056679270118087
2.1885466497068806e-05,0.00643690191090259,0.009475119612848613,0.004827676433176943,0.7547267490533287,0.03395465758001116,0.6387015921093094,0.023816537070339584
2.8148700405477888e-05,0.002619482417595959,0.01556444921733861,0.010735583678671962,0.4852483822759727,0.03843338956964562,0.850107929179318,0.010327631498882427
3.996054242991073e-05,0.0014389684378653988,0.012412075052560595,0.0038891038861226996,0.6086447581782025,0.03364074861496135,0.7717926662010497,0.011220064711463987
2.9734579246205916e-05,0.0027408969696223334,0.014152995261322594,0.010382185490993687,0.5315678971388768,0.03135420018280093,0.8158321358822839,0.008201926537885013
0.0003183426322248684,0.010573633559815958,0.012665687763171358,0.016489097169303638,0.5853629495102792,0.04060440177941021,0.8052450602629432,0.014139400822677872
0.00021008311307740284,0.010434995837403918,0.012056183299862187,0.016272897992052893,0.5776878787178777,0.04007201130543025,0.8073391516307241,0.01875451493584096
0.0003032154300408712,0.01041719231254801,0.011657914437882676,0.016245134210601187,0.5767022644763421,0.04000364299360542,0.8023268722438294,0.026702939358675702
0.0003551806038285051,0.0106113592547914,0.012340617800016666,0.01654792866244273,0.587451467516717,0.04074927433126522,0.7820551085870434,0.029869011235709127
0.00022322353786618414,0.010384844012456013,0.01306911363438909,0.016194688518449924,0.5749114424049723,0.039879420476682935,0.8034589841215968,0.013623781716146
0.0002580416382893244,0.010464455370942564,0.013793498483102068,0.016318838785095616,0.5793187768708944,0.040185140508297953,0.8069257808260154,0.019378621057301045
4.301725483616999e-05,0.003042737656274453,0.015663484282734577,0.006614647078857508,0.47625458967774054,0.041010811888916546,0.8670479390966421,0.017749302994934314
6.794910962479594e-05,0.006389188042286896,0.011925220411271387,0.007583605984910262,0.6389188042286896,0.030524014089263807,0.7524833038527208,0.008853859987382732
8.291321318378536e-05,0.006380852441867017,0.010957267976582917,0.007573712097171534,0.6380852441867018,0.030484191191115426,0.7515015828418454,0.019388702968759126
0.00010995808314050667,0.011529548534511583,0.011164857707719782,0.007597725558162492,0.655303829391515,0.03589925326231778,0.7525737108498902,0.015385394255279046
0.0002567339215149645,0.011497527693639032,0.010595909376971456,0.007576624509811553,0.6534838639712465,0.03579955080885958,0.7517905669860513,0.024794503708358305
0.00024291022311750713,0.01150487714047494,0.011154234262223232,0.0075814676378747545,0.6539015837666976,0.035822434588958216,0.7522711263681225,0.016660275134229772
0.00017981071309874027,0.02202304337862432,0.013073253409864222,0.00814913723538365,0.6213717141980034,0.039115858729841524,0.7817671078334422,0.013690550555444533
0.0003267484283746489,0.022248365524880038,0.012268502025329316,0.008232512682656812,0.627729092052582,0.0395160608767527,0.7757908326501647,0.02033430632616233
0.0001845790787196131,0.0217732413897754,0.012215976783440132,0.008056703566984423,0.6143236469825623,0.03867217712152523,0.7873614978424702,0.011118250922438502
0.00040224983556363237,0.02225457148494225,0.012856595645093833,0.00823480906010814,0.6279041908332457,0.03952708348851907,0.7764807333002468,0.015522615078303844
0.00014067633751587216,0.02285812323111246,0.011176072254775406,0.008908076083831824,0.7090828562730132,0.03331620455353102,0.7035954814053728,0.012079351169675954
0.00017140173264207904,0.023119052037404057,0.011327074131498199,0.009009763069915844,0.7171771403653012,0.03369651388148526,0.6905623002567699,0.01610945636900953
0.00018404877863631327,0.023257616762571647,0.011382274018097223,0.009063763352522076,0.7214755628607572,0.033898474938432566,0.6773531628606798,0.02169864946593785
0.00015614600857816893,0.023008536695278595,0.011011100179969646,0.008966693957630006,0.7137488390273485,0.03353543540153622,0.6939503787689014,0.018417589388972033
0.00010118533090809525,0.02299340764347967,0.011168738615289579,0.008960797990444141,0.7132795200393537,0.03351338448426109,0.6924904687015232,0.02211524944041614
0.0001488957981699821,0.022777311202108862,0.010428209353171274,0.008876582697626213,0.7065759827310466,0.03319841928912204,0.7031318686443676,0.01615538050967971
8.417732960052475e-05,0.00994655535761124,0.013767588043343788,0.00818646531490637,0.5750991883721724,0.038885710245805255,0.8123020208715845,0.010826600378963673
9.077976204806516e-05,0.009887710523388542,0.013466410690186986,0.008138033352583162,0.5716968430189671,0.03865565842477001,0.804912533820619,0.014689150201412605
7.489726436415822e-05,0.0099480925064173,0.012899769336510663,0.008187730457956625,0.5751880646714529,0.03889171967529397,0.8124275546907461,0.01375538716936713
7.32685463081292e-05,0.010027742468530216,0.012724503663256344,0.008253285982329396,0.57979334025864,0.03920310841606463,0.8060159090342887,0.015495544431823438
0.00010752386686169188,0.009543035426151345,0.013579165554049208,0.006376192935067714,0.5249732183205751,0.03931985643291757,0.8435703253094585,0.020446325345117134
0.00012268020837526868,0.009604780045422081,0.014182559398919464,0.006417447691818763,0.5283698599597447,0.0395742607662157,0.8391882431668335,0.01396864447585884
0.00011049712022128143,0.009563069965180294,0.012811105977852887,0.006389579041323136,0.5260753410689382,0.03940240408815934,0.8434031348578496,0.027389995490471844
0.00015215819266326317,0.009553772689946184,0.013024196577986768,0.006383367053416158,0.5255638873979304,0.03936409682939964,0.8407958303857982,0.017958539310277456
0.00011594537730669641,0.0069854017069935475,0.014353873830177062,0.004097009798823195,0.5530963228411313,0.03646338720952644,0.8130515945764629,0.011266776946763786
0.0001095650758569094,0.007046716497021144,0.014628652810091694,0.0041329715525050695,0.5579511595881844,0.03678344681729512,0.818452356542579,0.011778968924639449
9.734376949458027e-05,0.007086726173708769,0.013335930163251956,0.004156437638538867,0.5611190812027471,0.03699229498299592,0.8150358565410866,0.01830910779776371
8.133740929070157e-05,0.007053930968496754,0.013249392332323083,0.004137202914074343,0.5585223934000363,0.03682110593526165,0.8140981034169787,0.016962531947704803
8.70193716298903e-05,0.031138980473793723,0.013337587248150212,0.008281643743030247,0.5590109526545416,0.03768147903078762,0.8178330237335943,0.016894553235781703
5.965540269831166e-05,0.031207556750699382,0.012887641953363956,0.008299882114547708,0.5602420427319703,0.03776446362119207,0.8223730696146733,0.012885566982835318
8.803195271401804e-05,0.03083373471865001,0.012811170761758238,0.008200461361343088,0.5535311418906584,0.03731209919411105,0.8136907785792679,0.021710721454155823
0.00026752390520538995,0.006335169502159759,0.014522663651144775,0.004384200347515404,0.6050196479571257,0.039457803127638635,0.7847280202017822,0.01457746615548872
0.00023727594837821372,0.005960774433353944,0.012711506170505314,0.004125103414085774,0.5692642711438368,0.037125930726771963,0.8081696353706144,0.023389336357866337
0.00024668780575490024,0.005900254561215442,0.016473755728182493,0.004083221149630063,0.5634845186489488,0.03674899034667057,0.810315237144086,0.008595180519971284
0.00016967150808804395,0.005989381438554379,0.01620656153961773,0.004144900649518601,0.571996289633567,0.03730410584566741,0.8155713763025275,0.007398647659390703
0.00014060035744215392,0.005923251210026602,0.015199595492580374,0.004099135785485538,0.5656807383970042,0.03689222206936984,0.8134734966296049,0.01268682525607774
0.0002668495472256078,0.015365479108376183,0.012075184341360581,0.008975163030593564,0.6892925207495857,0.03751618146788109,0.708607071591423,0.016909207149638273
0.00020543363638671615,0.01538236465596825,0.012185492375247743,0.008985026084093604,0.6900500032583887,0.03755740903151126,0.7108593236691495,0.013783030012999587
0.0005710821591091086,0.02136939710602365,0.015989601456084284,0.012482124477817552,0.958627159896388,0.05217528031727736,0.17674688260589652,0.02653699663984012
0.0003791694777351526,0.015338078207140053,0.010996470322104965,0.008959157831273396,0.6880633214417967,0.03744927973472279,0.7068237979404833,0.024082216250462887
0.0002505299773908967,0.01536201007497189,0.011067466837891548,0.008973136726034982,0.6891369005594866,0.03750771151482622,0.7047322121893355,0.022127755166402266
0.000237075726534414,0.015302128028461648,0.010459433539080501,0.008938158895129467,0.6864506031459431,0.03736150418164117,0.7044163025251533,0.02944229540055646
0.00030582212007783534,0.01529110600389177,0.010425104513868267,0.008931720796665753,0.6859561571839298,0.03733459293006284,0.7068027935233476,0.03333318201315659
0.0002372027224648165,0.015479570818775858,0.011079828318532672,0.009041805384798983,0.6944106535525618,0.037794746508459744,0.7010835059265434,0.02547980757436353
0.00022852232894786433,0.015280043241631925,0.011556425227374425,0.008925258902822385,0.6854598837367591,0.03730758221379757,0.7055238657503039,0.02190258534752613
0.00047375573359460316,0.015382729884951648,0.011193811267916333,0.008985239418780168,0.6900663873623168,0.037558300770501096,0.703059043561873,0.02794409459240632
0.00019511080552502347,0.015474367602095812,0.011199031226049481,0.009038766122719515,0.6941772382248588,0.03778204239296758,0.7113328163257805,0.02350079191907074
0.00017035756374352576,0.0169107418987772,0.011344218966062827,0.010136308830435883,0.7298142357913836,0.030071049530293124,0.6683037350386886,0.017164149619538098
0.0002078062759469499,0.01687193464375836,0.00996640854630801,0.0101130477385165,0.728139437173188,0.03000204162426562,0.6656913673878486,0.027322083973558745
0.00037330099607434146,0.016823081985882216,0.01023838316263681,0.010083765426103227,0.7260311106794324,0.029915170764106245,0.6670410829367285,0.028721925188684026
0.00024213056355163007,0.017031318538063504,0.010640745867837077,0.010208582540297804,0.735017942901442,0.03028546153621682,0.6614140627858948,0.01777994792435201
0.0003057162344448329,0.01786050838562377,0.010577132238759012,0.01070559943194232,0.7708031590998471,0.03175994498142888,0.6154113833452043,0.028120041174568493
0.0002233028988005842,0.016987855426309834,0.010481218292995958,0.01018253072506084,0.7331422122043805,0.03020817448434716,0.667464889027738,0.02043294498828875
0.0002553165465863959,0.01692753100629105,0.010181884534353487,0.010146372231543088,0.7305388006711022,0.03010090428691116,0.6671408848443439,0.0174179389974823
0.00023553056236670685,0.018055298891796107,0.010591480029233439,0.010822356978099563,0.7792097024231686,0.032106325701695373,0.6107957905823093,0.02772327112556505
0.0002465178425234302,0.01704644655747124,0.009759558963123643,0.010217650284198545,0.7356708204622953,0.030312362509789016,0.666701681043955,0.023177036727990364
0.00015707442079691857,0.05839917224874564,0.013364644877198321,0.004553541695808627,0.42803291940601096,0.04348632319497239,0.8860053754619636,0.03271719708438498
0.00016599038535086626,0.05942293627703725,0.0139093687878102,0.004633367351036043,0.43553653099738804,0.044248658202394216,0.8749419237328913,0.033059076049642165
0.00021428604719875795,0.05910782998868847,0.013736521425441404,0.004608797659936723,0.43322698003405197,0.04401401765239571,0.8712701536227377,0.04131787102133272
0.0003509632398965532,0.05986306093460959,0.013666981864837183,0.004667685063127453,0.43876239593398064,0.044576392352867186,0.8642452278633637,0.05930293872703429
0.00022605535830424282,0.05887216915934439,0.013493547075547199,0.004590422546537574,0.43149971937453196,0.04383853531943384,0.8707572528527124,0.040349814184065275
0.0003850471555332203,0.05843367376302864,0.013636801993976197,0.004556231872360908,0.42828579600192535,0.043512014381046675,0.8771201977481984,0.03373889701483252
0.0009249462951898998,0.061249186708715445,0.013403184600234692,0.004775765045513875,0.44892191427830425,0.04560855618465751,0.8579423116013402,0.06509367757035411
0.00043481823630704697,0.03672842443666316,0.0095520749345785,0.0067114526151965575,0.733226198210224,0.035570698860541754,0.6579069212361806,0.028842467613807207
0.0005427704573789103,0.036509373174029275,0.010725983503069084,0.006671424974696989,0.728853178485646,0.03535855236589404,0.6619721431143087,0.025668307590146665
0.001471235771833963,0.03654507920050548,0.009410900477535376,0.0066779496026506124,0.7295659940895795,0.035393132894048246,0.662619549323007,0.03061839892815306
0.0005683818377864719,0.03658730350275208,0.010794006670661166,0.006685665327136057,0.7304089369896143,0.0354340262338211,0.6602763077079571,0.02105984578047858
0.001990485492958477,0.03652465961478454,0.010555276232212288,0.0066742182941588925,0.729158348636859,0.035373356959042125,0.662249310237916,0.020456479071597006
0.0009966844523073646,0.03697554895518721,0.010763279942551527,0.006756610133428454,0.7381596570770586,0.0358100337071708,0.6516074812678401,0.0187833761709311
0.0005556265873849909,0.03687667818160649,0.00980794976579776,0.00673854329494865,0.73618585497314,0.035714279463227847,0.6548010983283977,0.025320076430769552
0.001875244703045169,0.04205118631965615,0.011059327530482433,0.007684090693404505,0.8394869082544422,0.040725680675043875,0.5047679176497419,0.033252902475707995
0.0009326770257514466,0.03660278262701991,0.010592902144457338,0.006688493856010947,0.7307179537691959,0.035449017436858014,0.6599369675379602,0.028359213949486418
0.0005500532999329115,0.03731920014732034,0.010130227833502854,0.006819406148436791,0.7450201217167194,0.03614285258671499,0.6448600939115541,0.02881199097714544
0.00058955192478537,0.03662842117773607,0.010799444051215558,0.00669317883558448,0.7312297877876044,0.03547384782859774,0.6594119788817829,0.02441336980279439
0.0004188161893857322,0.03670090626762881,0.009819881590201095,0.006706424169507321,0.7326768405186749,0.0355440480983888,0.6572966328534126,0.03574524082347402
0.0009082782896058713,0.03651328098044612,0.010260081832376615,0.006672139055357902,0.7289311917978508,0.03536233699339688,0.6620429977678878,0.03079192174047672
0.0004903776411997983,0.0369005382119752,0.010407671216113974,0.006742903282224796,0.736662183583059,0.03573738739579142,0.6541964764414497,0.04072713582463777
0.002711924335984671,0.03645005876971243,0.008357370715632102,0.006660586344396972,0.7276690581253693,0.03530110762530395,0.6608966800227896,0.05729769402767495
0.0057696249025182365,0.03401612610207828,0.009386574531640907,0.008686446910643075,0.7001276209978319,0.02553815391729064,0.6895301557668473,0.046594101228689455
0.007118536922141512,0.03401692608374354,0.00949972174800356,0.008686651196052999,0.7001440864018718,0.025538754516395815,0.6895463719426871,0.04590026491994405
0.00483144407017646,0.03403184286805783,0.00852186545363062,0.00869046038510159,0.7004511070391882,0.025549953532198674,0.6898487453693642,0.050908716935925115
0.0052711757882314145,0.04337741639848491,0.013580365808105848,0.01107697047969482,0.8928038206634025,0.03256629321030277,0.38306379312880623,0.0615879558671032
0.004794894842799531,0.04356466950744289,0.012522061286409019,0.01112478792324895,0.8966579066138655,0.032706876494351916,0.37661857035366997,0.037045543784419
0.004145066862664537,0.03426485006922666,0.008620462279929035,0.008749961713285664,0.7052469140908245,0.02572488743705985,0.6854895005422255,0.05167727387866513
0.004254997385932832,0.03574140121431873,0.009466542732250099,0.00912701767474942,0.7356376245848033,0.026833431963763296,0.6516508079417592,0.05169542810978072
0.005022254168805732,0.03596811107115887,0.010281589257674986,0.00918491089661871,0.740303818267468,0.027003638036059006,0.6463421797950587,0.03940326774649427
0.002967107143237077,0.03506939385764938,0.010965006598392722,0.008955412118909444,0.7218062167841012,0.026328911629593763,0.6677155275858881,0.02525426217532463
0.00277890736157513,0.03636321518100476,0.010036098817065868,0.0092858057152719,0.7484359406509151,0.027300268802899385,0.6344062464673762,0.024663099979762165
0.0020963618837932406,0.0364348432287735,0.009326426673269295,0.009304096840851253,0.749910205372611,0.027354044712102683,0.6387820727054836,0.022553130742223437
0.004372051593830763,0.039831363686246075,0.011613751546720064,0.010171441186477548,0.8198181596300904,0.02990403708824399,0.5328818037595587,0.0321214112668961
0.0026932855481526566,0.03729853310664428,0.01167531713026674,0.009524650946538376,0.767686866290993,0.028002473782822824,0.6115206893715498,0.028802544462332047
0.008381538547220447,0.04642434526481576,0.014586443925901254,0.011855042202455507,0.9555164015179138,0.034853824075219184,0.20867245284762184,0.03561254677617634
0.005766514914004161,0.046147580401279066,0.012425436357280044,0.011784366803186688,0.949819964336847,0.03464603840136886,0.20888968595328722,0.03803993604068663
0.0022167313705942736,0.03547262969011906,0.012578471294100953,0.009058383475515594,0.7301057081265568,0.026631647418015842,0.6584176613013264,0.008315596030523315
0.0024584286659929343,0.035846439844018384,0.011105439432779139,0.009153840613896421,0.7377995534800516,0.026912291404855477,0.6478905309703609,0.011771839029470797
0.002576682669002086,0.035404027072645186,0.011771206141109302,0.009040864931727576,0.7286937134972425,0.026580142899279072,0.6587355006555347,0.013362398369093356
0.0023789466469725656,0.03657733682072686,0.011675605471376043,0.009340484377100835,0.7528430407943273,0.02746102406867645,0.633135393017403,0.010274532814810918
0.0026217621857889143,0.03507961376404093,0.013417325203212593,0.00895802190092976,0.7220165652149386,0.02633658438873349,0.670830428073026,0.0030994755777216964
0.0032188938857827067,0.03436960048622531,0.013695179928168023,0.008776711053683686,0.7074029109269051,0.025803530497830036,0.6838988787251402,0.0033702570446145354
0.002673462732076591,0.03446063928984453,0.014739931259062715,0.008799958960634457,0.7092766922271373,0.025871879344265304,0.683668811651691,0.00584317274986128
0.003916801635160429,0.03420100965787884,0.010225368260328027,0.008733659258906753,0.7039329362678843,0.025676958221185854,0.6901512219573295,0.02033195875473492
0.006103507938096672,0.04087095944867744,0.012735123779181873,0.01043691507882468,0.8412153553532691,0.030684530331744553,0.501305905066107,0.02047722738465402
0.0036176764528189275,0.03523751732233997,0.014269574813525723,0.008998344566481097,0.7252665720583764,0.026455133025454422,0.6646177296802939,0.006658774979196012
0.0038268865932439473,0.04162154747912352,0.012492841396057658,0.010628587201001922,0.8566641284007548,0.031248046370945647,0.4838345465640095,0.025806209724032664
0.004505357088954694,0.03834763163003517,0.012375826571511352,0.009792551488773027,0.789279649995106,0.0287901013769927,0.5818538243599157,0.02173946430507612
0.004619259764290444,0.03692345314603491,0.012072724567973214,0.009428869546995637,0.7599668854878483,0.02772087646816717,0.622380821058088,0.021346960654398124
0.002378643568678284,0.038573024361631236,0.011573877330162591,0.009850108366095822,0.7939187343073233,0.028959318596321715,0.5758176348652296,0.02842741274455254
0.004268302156471164,0.03611796370789809,0.010846456925558773,0.009223177657788073,0.7433881192177186,0.027116142313896932,0.6421729676011523,0.0221909654446381
0.0002763257247720689,0.008043116180299547,0.011065739100402242,0.009929773062098206,0.5878425652762138,0.03296684656616605,0.7882253856693556,0.02917367325644453
0.0001829913483852457,0.008074906961868,0.012792247670949405,0.00996902094057778,0.5901660396822045,0.03309714952271823,0.7885495563997023,0.01802398986056462
0.0001698194591758734,0.008142166564014291,0.011779000962607342,0.010052057486437399,0.5950818031970939,0.03337283085497216,0.7905541130783557,0.019380366833851304
0.00013547636437784985,0.008233482528965965,0.013307747317187953,0.010164793245636993,0.6017557601417101,0.033747113575514825,0.7948055134628478,0.010835669599849036
0.00014188262144545176,0.008183204455341491,0.01216367674596439,0.010102721549804312,0.5980811157484153,0.03354103554535032,0.7945386390059099,0.020427702973704318
0.00010851940616087172,0.008101448754866921,0.012632258984440646,0.010001788586255458,0.5921058843063232,0.03320593810636813,0.7913415129445319,0.012582250041509367
0.00013373521207178153,0.008154586101937897,0.013812459422047896,0.010067390249306045,0.5959895027589179,0.03342373562769608,0.7878135565691953,0.013933268105039568
0.00012969835501012197,0.005520033794548444,0.01566253491298705,0.006731748529937127,0.43307582209262185,0.03994170794429362,0.890610330510682,0.011309337530294374
0.00014690407490343952,0.005485489135738634,0.017314968755695322,0.0066896208972422365,0.43036561105591725,0.03969175065697061,0.8820488140377131,0.016857844661050437
0.00015436289354451557,0.0055129604837327,0.013768954964249474,0.0067231225411374385,0.43252088347984186,0.03989052707741547,0.889469112192483,0.02117783600458293
0.00020279310754574455,0.005480292700895656,0.015939631819068465,0.006683283781580069,0.4299579232816511,0.03965415043737507,0.8780052679987789,0.010737809275738645
0.00022139991813636487,0.005442084318699616,0.014518861538059178,0.006636688193536117,0.42696027378415685,0.03937768328164763,0.8780338480048282,0.012565462979761714
0.00018635020038312337,0.005517832124969709,0.01256989074322368,0.006729063567036232,0.43290308947933087,0.03992577716441498,0.8770212849037222,0.03135743622238884
0.00013786322178583113,0.005608459163108063,0.01402798749211541,0.0068395843452537354,0.440013259544657,0.04058153378183883,0.8825571652970579,0.02998017804669554
0.00012695678681271606,0.005575039192418448,0.017747208095865392,0.006798828283437131,0.43739128623445545,0.04033971448172698,0.8898079829753069,0.010084928620431746
0.00013973118440354244,0.006103813007596013,0.012033738319045395,0.00887182123197095,0.7061969700648876,0.026970336545191684,0.6988688457272796,0.011852753165913187
0.00022658613580070852,0.006196488648973982,0.011809354529846926,0.00900652419909009,0.7169193262475712,0.027379833565233873,0.68961154487593,0.008213950069570162
0.00014799876921504766,0.006082625640379497,0.012704553844804269,0.00884102564008648,0.7037456409508837,0.026876717945862893,0.7018006153100647,0.009530625640013224
0.00016448770045825257,0.006239939232205435,0.012608667907866272,0.009069679116577667,0.7219464576795823,0.027571824514396107,0.6850872817498107,0.00925107269890922
0.00012340501018735691,0.006142573217255212,0.012033372357872928,0.008928158746010483,0.7106814361824344,0.027141602587871867,0.695878548981549,0.008374612903757834
0.00015462237027123719,0.006139207683899538,0.012810242079950839,0.00892326698241212,0.7102920518000047,0.02712673162653284,0.6968893047924217,0.005121955247904556
4.5698937939202395e-05,0.0061224457321382274,0.014209089071174042,0.0020895719222314767,0.5537365593913414,0.032597321986811034,0.821974907048196,0.010510546768824328
3.093115434812884e-05,0.006298004325227068,0.014195228861365036,0.002149489530794221,0.5696147256604686,0.03353203668038985,0.809712706250183,0.009414764144878688
2.8909642782178582e-05,0.0009629569645041382,0.016485404555369756,0.008373538821775115,0.5338130998881635,0.030144739758390413,0.8252750524271009,0.006217352575168023
7.667915098309204e-05,0.0029058167413188703,0.013930714864467507,0.003823443080682724,0.6289563867723081,0.02408769140830116,0.7587622793614865,0.0077998238845927576
9.48774967046527e-05,0.0030907371408288066,0.014451229513072586,0.0040667593958273775,0.6689819206136035,0.025620584193712475,0.720446760767799,0.017507399199036856
7.248243351714037e-05,0.0029239198234090598,0.013992495260182567,0.0038472629255382365,0.6328747512510399,0.024237756430890888,0.7544482596980482,0.012734440283531562
5.493267557457723e-05,0.002563524860146938,0.012163663877227816,0.005231683388054974,0.7010455739993666,0.029646205865644856,0.6921517122396731,0.007952158749843561
3.148316700098967e-05,0.0026029390040188303,0.01263399305692133,0.00531212041636496,0.7118241357929046,0.03010201569273477,0.6804826253363514,0.007879645284274692
6.455381391508597e-05,0.0038038967270718287,0.01154660671537764,0.003747681504504265,0.6520965817837421,0.027545459058106347,0.7378622730143222,0.013922636789233344
4.079230503385885e-05,0.0038037840706813715,0.01425950580191391,0.0037475705129865733,0.6520772692596637,0.02754464327045131,0.7408572147123157,0.005827472147694121
7.571248372821091e-05,0.005780896193493027,0.016939320077425647,0.00862820327387019,0.4831793833367306,0.03170864703147294,0.8472464204776832,0.008218363618361355
4.352132198753738e-05,0.005805731355231467,0.017404196159675228,0.00866527067944995,0.4852551580491972,0.03184486974697857,0.8460553659647946,0.006238994889203964
0.00028117455843929543,0.02182699438405027,0.012141909718266303,0.00824437937074609,0.5709232714241667,0.03833636407396932,0.8180485430622807,0.022404100940002496
0.0004727479982603091,0.021796339856226535,0.01302017430882805,0.008232800701124282,0.5701214485528565,0.038282523260227914,0.8127215032132362,0.022578455922833342
0.0005203440446025224,0.021867706783367247,0.011941543751483739,0.008259757047541925,0.5719881755422783,0.038407870271069955,0.804149296756063,0.037292803069651784
0.0002855699041512738,0.022257932471936335,0.012745241030200373,0.008407151075330061,0.5821952119666067,0.03909325250028479,0.8014537120112147,0.030812208691084673
0.0008797091962236763,0.021381470216448397,0.010789667312247427,0.008076098287610349,0.5592698064170166,0.03755385703738812,0.8013508525881368,0.046619277365230735
0.0003556107026507668,0.021586136312459134,0.012148571522403818,0.008153403706311287,0.5646232066620567,0.03791332723434749,0.8015815018767285,0.03520232050199898
0.000764060228110965,0.021532273712531587,0.010987762714119047,0.00813305900378908,0.5632143360123938,0.037818724367619225,0.803627560164399,0.048757688727715534
0.0004497189171816749,0.021927912578635925,0.012024115990947954,0.008282497668984297,0.5735629635771625,0.038513614160776984,0.8094899096781802,0.03319210940845457
0.0002947783310106047,0.02221536098350629,0.013373269713867101,0.008391071193014651,0.5810816801162646,0.039018481047518136,0.8093397942442456,0.01967706194761936
0.0006475069394435811,0.023681915001580126,0.012102599054631883,0.008945010387754533,0.6194419693520014,0.04159429830305858,0.7802956186497972,0.06608126423953661
0.0004092779797014472,0.021887959827483715,0.012777277398820052,0.008267406922562311,0.5725179293874401,0.038443442189914745,0.8135748467320506,0.019573085889166272
9.420222766876969e-05,0.028694494349105502,0.012163656063897278,0.010329191630347553,0.5701713779951849,0.03387974854753997,0.8114612944801037,0.02790947578519909
0.0001436526103190835,0.02845194292502595,0.013605313528295346,0.010241880102601133,0.5653517816635826,0.03359336673653172,0.8045611333399345,0.019848763638840996
0.0002243811326488784,0.028156598902275915,0.01206334917692181,0.010135564759638558,0.5594831747320483,0.033244652411614464,0.8045611306201087,0.036325864098544595
0.00023301999760095513,0.02832952093371787,0.01299813080709748,0.010197811711201536,0.5629192064583248,0.03344882241274104,0.8030572766336986,0.021415404593523226
0.0007076441969192113,0.012252210396545869,0.013736308784901665,0.01580930373747854,0.6066820309257389,0.03438523562901582,0.774063034246293,0.019188542411364577
0.0008000255565403895,0.01216589843405954,0.012095257733474677,0.015697933463302633,0.6024081966542385,0.03414300528268322,0.7755564027544666,0.04210970651530931
0.0012390818302845709,0.012320077214324748,0.013669324380216119,0.015896873824935157,0.6100425330318867,0.034575700569233966,0.7757475715645545,0.019731994635200766
0.0012082583596078472,0.01218676074437718,0.013008384291336803,0.01572485257338991,0.6034412175038377,0.03420155434712305,0.7801492482973068,0.014938609944720413
0.0006317440047558875,0.01242131363805062,0.016560415892278458,0.016027501468452415,0.6150553688518614,0.034859815693883994,0.7714236800534503,0.008294232009924124
0.0010590115491071997,0.01246061451134807,0.017535300259921276,0.016078212272707185,0.6170013959651383,0.03497011169313813,0.7677346360217682,0.009305265352829283
0.0007608111626722687,0.01234372012500148,0.016007017710485787,0.015927380806453523,0.611213238447654,0.03464205325403641,0.7712435971004956,0.00623158774052494
0.0008424971753654901,0.012666672698157133,0.014634092989822508,0.01634409380407372,0.627204599731329,0.035548404023860336,0.7601638028274686,0.012993554574238609
0.0006118173607415931,0.012720975339876848,0.015769905881015074,0.016414161728873354,0.6298934563455149,0.035700801760299536,0.7745637742833724,0.008042939247147943
0.000902081177756172,0.012659928702268699,0.013378685944720083,0.016335391873895096,0.6268706631607243,0.03552947732572183,0.7766253681646575,0.007677634180730694
0.0010901984797182995,0.012587021553544612,0.012142415469637147,0.01624131813360595,0.6232605833771283,0.03532486694059293,0.7681128394812264,0.023651419532063664
0.0009408171293555759,0.012599503633153123,0.015062503375634025,0.016257424042778225,0.6238786476416144,0.03535989729304263,0.7643834349313251,0.01066893452807321
0.001152784975051314,0.0124237633981438,0.016705954104891105,0.016030662449217806,0.6151766714887333,0.03486669082704873,0.7732991182222055,0.004949467031195998
0.0006719911471019683,0.012569297710297174,0.016719193260777546,0.016218448658447966,0.6223829672679406,0.03527512583212432,0.768247639889857,0.008007859025108683
0.0009361056534400934,0.012957636693372729,0.014056945870907252,0.016719531217255133,0.6416120104621658,0.03636498039752991,0.7527968930569123,0.01682402828736298
0.0006737620881910858,0.012641322278059409,0.012408885061978962,0.016311383584592786,0.6259493450587481,0.0354772592964893,0.7681642206869165,0.02218348167504619
0.0010379399736732246,0.0123616501532406,0.013220984220344907,0.015950516326762063,0.6121010640394943,0.03469237301070749,0.7744972583913405,0.01902099071966376
0.0010195298839593846,0.012349970264635104,0.014656626001158884,0.015935445502754973,0.611522721168222,0.03465959396849206,0.776992403407454,0.009421832153503878
0.00016982566364761038,0.010155755965341087,0.01335080211184089,0.012359946408123027,0.6179973204061513,0.03419585172914038,0.7815812111176597,0.013101543192610409
0.00018868267869170022,0.010054102960982296,0.013472090093356806,0.012236230784156954,0.6118115392078477,0.03385357183616757,0.7826701083906259,0.015030170146539458
0.00022773143678389693,0.009910106658527776,0.01386409850382679,0.012060981734516562,0.6030490867258281,0.033368716132162496,0.7864765172716008,0.022875662023133084
0.0002116355562949094,0.009831919454710734,0.012155283788328992,0.01196582489417128,0.598291244708564,0.03310544887387388,0.7869923032896451,0.02472937144795398
0.00021308739839988412,0.010209143577370539,0.013166274820470973,0.012424921189497616,0.6212460594748808,0.034375615290943407,0.7718982288975393,0.023234602624360542
0.0002649545762786913,0.01023928871250253,0.013277844368971335,0.012461608980733304,0.6230804490366652,0.03447711818002881,0.778248250195096,0.01077929176833431
0.0004083521156262677,0.011611720679201904,0.011082654225047141,0.013870656101435721,0.653902359067684,0.03784707593391747,0.7380972416033988,0.024769028752563788
0.0003705427397245975,0.011348876050729846,0.010855025642378974,0.01355667787629845,0.6391005284540698,0.03699036391961435,0.7536157231434308,0.035750896228067056
0.0006620493485601915,0.011416323404533803,0.011899471562268338,0.013637246387668363,0.6428987582757943,0.037210200857780824,0.7601401136486347,0.017845310987291745
0.00038715215909223367,0.011541494898918907,0.012262345945506676,0.013786768650585726,0.6499476649561842,0.03761818303231248,0.7408221657473306,0.019990814543349302
0.0003269256894651589,0.011653899508886375,0.01279343609908977,0.013921040368976898,0.6562776173946252,0.037984553006779824,0.7451932909513334,0.01893261490180858
0.0003702837435999746,0.011376620025669016,0.013042343572089497,0.013589819143290634,0.6406629024694156,0.037080792233835876,0.7644079127827506,0.012735601939998079
0.00027143333266992336,0.01133712993190129,0.01255016414133851,0.013542646676332598,0.6384390575985368,0.03695207878827895,0.7666685749852974,0.011414516484337476
0.00042630630382648886,0.0116687138139251,0.012819655210588702,0.013938736637794488,0.6571118700674544,0.03803283854026782,0.7508399177161668,0.007148580647097459
0.00016151175390936756,0.011512697699901398,0.013667890426316385,0.01375236926609382,0.64832597968728,0.037524321854627424,0.7585217499923089,0.006935123358473025
0.0007132119343310963,0.011328188689706252,0.01596578675567985,0.013531966011594497,0.6379355405465977,0.036922935831636416,0.767262472857408,0.006843308525863503
9.424405459738728e-05,0.007118662766849756,0.011945272576900633,0.0019556765842993836,0.6160381240543058,0.03207309598250988,0.7683657732053847,0.01284879515884695
6.923068363029625e-05,0.007102584228136368,0.011465600253991565,0.001951259403334167,0.6146467120502626,0.03200065421468033,0.771098691009596,0.018049149480841045
3.2906723425306414e-05,0.008023420861176791,0.015948421093123145,0.006418736688941433,0.5220572507005699,0.03401930445138959,0.8266049108018777,0.006654090367535952
0.0012756220276113354,0.008281092732473757,0.018155826484496623,0.010429587824274254,0.5506822371216806,0.02711692834311306,0.8128820750239353,0.010679897932056835
0.0013915969565228181,0.008326385310538783,0.015379693572337755,0.010486631373474537,0.5536941365194555,0.027265241571033796,0.8038841878278111,0.01633817167987333
0.0013574156175996217,0.008206715909343637,0.01414366505081339,0.010335914243505839,0.5457362720571083,0.02687337703311518,0.8101909738914487,0.014263561656038058
0.0011227033343016977,0.008252267569898242,0.014972565064477843,0.010393284093070833,0.54876540011414,0.027022538641984166,0.8164963983516447,0.01993431889050986
0.0011155522814560682,0.008291662093500697,0.0157061206405857,0.010442899362091557,0.5513850863184342,0.027151538341438047,0.8111417650510996,0.01516308987375694
0.0010882398452442185,0.0083060564186941,0.017570343023726207,0.010461028235131106,0.5523422908149224,0.027198673411340878,0.809390676608564,0.012364935373924968
0.0017052829326404417,0.008203442845385156,0.015140207991974063,0.010331791996706745,0.5455186174261162,0.026862659191437536,0.8129467214688736,0.023246531992590178
0.0011487823550601296,0.008291064681929056,0.015049222190927147,0.010442146954570597,0.5513453592013275,0.027149582081883554,0.8100808764416778,0.016916278066404368
0.0015937364714210401,0.008307468017569824,0.01163464034702474,0.010462806067468293,0.5524361603623259,0.027203295775417562,0.8211210201749116,0.02186726468100873
0.0016554955045271923,0.008364919375045124,0.014778726573442444,0.010535162940862876,0.5562566032775599,0.027391423646243477,0.8092480061394409,0.031163011979072387
0.0012252622492627924,0.008410781079595543,0.017577896880958243,0.010592923274049803,0.5593063488698296,0.027541600512529487,0.8146805431606222,0.015762269831786108
0.0011382573505683636,0.00836055815311083,0.01573132730572743,0.010529670218023713,0.5559665875116521,0.027377142566861655,0.8219460572189311,0.006654751577790987
0.00019890696580114725,0.015271842051582846,0.012989842664564719,0.006582690539475365,0.4893133301010021,0.04081268134474726,0.858690038572763,0.02995124195461291
0.0006630393932596795,0.015425705900144972,0.012978869791846114,0.006649011163855591,0.4942431631799323,0.04122386921590467,0.8613793962774918,0.028812381710040896
0.0003550829094785447,0.015245062303193333,0.013667986892518162,0.006571147544479885,0.48845530080633814,0.04074111477577529,0.8693628201346888,0.01443462077270748
0.00025002438913420213,0.015184727298202853,0.014264044120064693,0.0065451410768115744,0.48652215337632704,0.04057987467623177,0.8616896398991665,0.01686464684125116
0.0004888130526264954,0.015333237994773785,0.01694366859451224,0.006609154308092149,0.4912804702348498,0.04097675671017133,0.860886409657723,0.014496078449082114
0.00011894082357780213,0.01350833946020042,0.014241709527618477,0.008429541004805254,0.5352758538051337,0.03708998042114312,0.8364212062018013,0.007439069936740636
0.00020205806127223975,0.013485965980373353,0.014420095293210446,0.00841557939492877,0.5343892915779769,0.03702854933768659,0.8350358654618071,0.006269606649221934
0.00022294007851914212,0.013650261756688327,0.0154752655516153,0.00851810406033593,0.5408996078313315,0.03747965786547809,0.8289180013714401,0.012883632391258093
0.00012999844327842556,0.013600294131136084,0.014482934124670032,0.008486923014749506,0.5389196114365936,0.03734246126489783,0.8347949650382983,0.008826399935339487
0.0001681335052393329,0.013508846434997794,0.013660583867652995,0.008429857369733413,0.5352959429780717,0.037091372426827016,0.8364525975117978,0.01515266862209581
0.00046355905556074665,0.007337444885527551,0.015009812180244348,0.01101718451280413,0.47594237095313846,0.03283120984815631,0.8745441066263918,0.010686668977420006
7.96921663196555e-05,0.007416850582572745,0.01741734881553119,0.011136412286145262,0.48109301076147537,0.033186508612712884,0.8626487685093843,0.008374582039181237
8.23049608276179e-05,0.007397449920538937,0.01547910842231691,0.011107282162971377,0.4798345894403635,0.0330997008456547,0.8713218565564527,0.010196485025607724
0.0001398521265533837,0.0075984268465127715,0.017444436408885926,0.011409049319088246,0.49287093058461223,0.03399896697088297,0.860402045349721,0.006868247690091123
3.317979229485396e-05,0.0026747200983859624,0.01751389036323304,0.0022105124780049277,0.43768147064497565,0.030062969700867016,0.874301895300509,0.0069852194304955715
1.8267805470097833e-05,0.0059884527865552515,0.014291634124950714,0.0020163140695472225,0.5746495098209584,0.030849605264072506,0.7958794895316798,0.015828065445945696
2.1909067338908504e-05,0.004497755612458407,0.012899563096530712,0.0019990024944259587,0.5997007483277876,0.030584738164717167,0.7890462645998144,0.01645179052912564
4.596093171011887e-05,0.0041166025348503416,0.014571837381885016,0.0023389787129831485,0.5636938698289388,0.0425694125762933,0.7989951283550435,0.03024299475887211
7.779468230420532e-05,0.01069149340889621,0.012478098228540707,0.012058075273191214,0.588836009174171,0.0333606749224957,0.7976416793215988,0.014349109575097545
9.203861029862558e-05,0.01066765592132218,0.01266282841036646,0.012031190888709225,0.5875231550653005,0.03328629479209553,0.7958632772881152,0.015239508459031685
9.00238308224771e-05,0.011145608098105147,0.013753931797755694,0.012570234697111068,0.6138464610422572,0.03477764932867396,0.7787679402683544,0.019923821994921043
7.379148130765394e-05,0.010430263634291463,0.014456977534317924,0.008428495866094112,0.5162453717982644,0.04045678015725174,0.8363175023131882,0.0070167228085233485
0.00016616982852033383,0.010430391214502314,0.015061906343689401,0.008428598961213991,0.5162516863743569,0.040457275013827156,0.8363277319264583,0.0075014530754804526
7.621026325958449e-05,0.010435430238864266,0.013977152016903046,0.008432670900092335,0.5165010926306556,0.04047682032044321,0.836731770061662,0.009908388307608495
0.0001680112071837481,0.028296624367789153,0.012454986889471562,0.008131213898789987,0.5874802041875765,0.03252485559515995,0.8068196991074364,0.01744145381290452
0.00016616091403220948,0.028210268609932383,0.012177837936572105,0.008106399025842639,0.5856873296171307,0.032425596103370556,0.8043574433392358,0.02107663746719086
0.0002625532553707356,0.02826122266285678,0.013558077941275686,0.008121040995073787,0.5867452118940811,0.03248416398029515,0.8058102927361964,0.01272973175977816
0.00010941592463215564,0.028352004297833328,0.01333888478064012,0.008147127671791186,0.5886299742869132,0.03258851068716474,0.8001497764657919,0.015051818373634215
0.00028480452233077183,0.028110890951175947,0.011692676624088271,0.00807784222734941,0.5836241009259949,0.03231136890939764,0.8015238950087452,0.031988255220303664
0.00012456651367493448,0.004315326177418082,0.012223546694516843,0.009632424503165362,0.6896815944266399,0.028511976529369473,0.7094087998091226,0.00957462995614637
0.00010670221473081457,0.004298021237134053,0.013509985504759313,0.009593797404317081,0.6869158941491029,0.02839764031677856,0.7129726478992281,0.009094919939292593
8.223788192191028e-05,0.004170542347862328,0.012792766282215203,0.009309246312192695,0.666542035952997,0.02755536908409038,0.7277224027167274,0.011301425023001932
6.830316969362233e-05,0.011760427012557534,0.012725979312439104,0.013517732198341993,0.6353334133220737,0.031090784056186586,0.7642346453562634,0.01834549369774985
0.00018264193992756356,0.012003986770546751,0.012802281457257989,0.013797685943157187,0.6484912393283877,0.03173467766926153,0.7561329006649326,0.017089419589596113
0.00019514511565997143,0.01188433754369226,0.013625031975379205,0.013660158096198,0.642027430521306,0.0314183636212554,0.7619050750712264,0.009484052621074612
0.00012105386313677314,0.0047850847078543144,0.015882969241299918,0.015364950896779908,0.48728844272644856,0.04038787092867861,0.8641248384349021,0.015211301387812109
0.00011984494772769594,0.004768424640379214,0.014471512578325175,0.015311455267272706,0.48559186704779156,0.040247253845402536,0.8604162919906274,0.019533042219535036
0.00016235419624276455,0.0047172084207547215,0.016055819487155978,0.015146999516184884,0.4803762703704349,0.03981497015682883,0.8588348725676829,0.014000155267102313
0.0001067765169445166,0.004719643287490799,0.014827906823864442,0.015154817895612658,0.48062422468943,0.03983552132561041,0.8592781746812376,0.016302254107709045
0.0009719093774821292,0.019517836092890338,0.013080893179427008,0.007885994380965792,0.5993355729534002,0.03627557415244264,0.7824877924513307,0.008950603622396174
0.0006906936461028303,0.01957031223931889,0.011805444918506306,0.007907196864371269,0.6009469616922164,0.03637310557610784,0.783286921384618,0.019708688184445388
0.005653523054799177,0.021237071896774727,0.010667874600268759,0.00858063510980797,0.6521282683454057,0.03947092150511666,0.7517708935580507,0.027114806946993187
0.0015705905987481183,0.019671875264238015,0.01216476973410759,0.007948232429995159,0.604065664679632,0.03656186917797773,0.7886633628662695,0.011882607482842762
0.0005149258827989682,0.01948017211093196,0.011851421881226584,0.007870776610477559,0.5981790223962945,0.036205572408196766,0.7797971926830642,0.023061375468699248
0.0005338783370675693,0.019620593722507,0.012418448511639278,0.007927512615154344,0.6024909587517301,0.036466558029709974,0.7796510469188918,0.015656837414929826
0.0007279869639036035,0.019520777201098797,0.012948782210062201,0.007887182707514664,0.5994258857711146,0.036281040454567454,0.7802198313841194,0.01829826388143402
0.0005009117063774762,0.019557603301534207,0.011270315841944713,0.007902061940013822,0.6005567074410504,0.03634948492406358,0.7831338485650698,0.022718428077539737
0.0006329741824307073,0.019689082873233427,0.011761741021444694,0.007955184999286232,0.6045940599457537,0.036593850996716665,0.7770226948052827,0.03645463525922916
0.0004848070787814927,0.019572588206250623,0.011431182324095061,0.007908116446969949,0.601016849969716,0.03637733565606176,0.784682854450593,0.03151384404117524
0.0007980981706380638,0.019653678646129127,0.012669674456524857,0.007940880261062273,0.6035068998407328,0.03652804920088645,0.7845788219936053,0.020566879876151287
0.0009442776737019823,0.019661280353438965,0.01214034412126994,0.007943951657955138,0.6037403260045905,0.03654217762659363,0.7869079913578911,0.025281626151442225
0.0003398458114436892,0.014964570933498962,0.013030126398193,0.010138598193427481,0.5819555363027374,0.03974330491823573,0.8048019245942735,0.014599581398535575
0.0003680563170233968,0.014958178421899159,0.01292321756341857,0.010134267223508915,0.5817069386294117,0.03972632751615495,0.8044581322021377,0.01392448316510125
0.000712366302132224,0.014971986414922289,0.012255524381103734,0.010143622232332174,0.5822439161358668,0.03976299915074213,0.8052007328025279,0.015621178237791548
0.0005777121656926999,0.015016609547802637,0.011614472533720523,0.010173854707183358,0.5839792601923248,0.03988151045215877,0.7958599583241254,0.023888210852466528
0.0006932616190999558,0.014999767653574346,0.013038415921094774,0.010162444209738717,0.5833242976390024,0.03983678130217577,0.8066948213690593,0.01243883171272019
0.00039316776287403433,0.01512341337438952,0.013178681762967345,0.010246215023299133,0.5881327423373702,0.0401651628913326,0.8067459860744806,0.01041015446367192
0.0006177785235122487,0.015023578948562941,0.012849435003161151,0.010178576523416628,0.5842502924441144,0.03990001997179318,0.8079754044288118,0.012519649123802452
0.000489455608161631,0.014986443132526395,0.012352646825902177,0.010153416756454198,0.5828061218204709,0.03980139368530045,0.8059782221273342,0.025972440063009836
0.00011478797460420386,0.005620568803349259,0.010179474610510325,0.006938973831295382,0.7459396868642535,0.029317164437222983,0.6634352880101514,0.01729539227450374
0.00011769139884558068,0.005671031116295084,0.011084765450461965,0.00700127298308035,0.7526368456811376,0.02958037835351448,0.6567369089953945,0.012847335923952442
8.004667315551195e-05,0.005707553279574357,0.010823212144970631,0.007046362073548589,0.7574839229064733,0.029770879760742785,0.6492694173619508,0.016012857812139167
0.00010040900306592171,0.01211384747321293,0.011406206878243067,0.001998984731553289,0.6076913583921998,0.03378284196325058,0.7876399639266268,0.02484738021320738
7.292814839002999e-05,0.012750853411528611,0.012689834476060901,0.0021041012230245235,0.6396467717994552,0.03555931066911445,0.7622106680406336,0.01647511257628202
0.00011251866358373922,0.011488724454054822,0.013981268526360356,0.011068135312191543,0.4958524619861811,0.04471526666125383,0.8626726025028332,0.012573401714649591
8.278548095864898e-05,0.011494292300037137,0.013974756148985419,0.011073499325661982,0.4960927697896568,0.044736937275674404,0.8624041274825551,0.014949224089643675
8.65407329905381e-05,0.011339217475912466,0.013189760289418796,0.010924101614559215,0.48939975233225286,0.04413337052281923,0.8671551861637105,0.01750041078652386
7.470018796024965e-05,0.011312926043586101,0.012792979373758537,0.010898772681682177,0.4882650161393615,0.044031041633995995,0.8651445754719311,0.021361594456097067
6.632199443515228e-05,0.011319011874989817,0.012856565511187853,0.010904635717716585,0.488527680153703,0.044054728299575005,0.861051845542337,0.02303059063581743
7.230022077389794e-05,0.011350216146900495,0.01325066659615994,0.010934697636705678,0.4898744541244144,0.04417617845229094,0.8663342243609174,0.018610855377673062
0.00011984574638816444,0.011315252387749197,0.013048513591652976,0.010901013861030056,0.4883654209741465,0.04404009599856142,0.8653224802885657,0.021235175001286546
0.0001336753295181995,0.011279059668337756,0.012969832003976825,0.010866146115932326,0.48680334599376823,0.0438992303083666,0.8625546786827081,0.02018929948340226
2.6528544322589146e-05,0.003099414863207956,0.014765041463479478,0.002039088725794708,0.579101198125697,0.03160587524981797,0.804909883620203,0.011194597104612946
4.321492681352679e-05,0.0032696641984613934,0.011314076115310854,0.0017299810573869808,0.7300520062173059,0.027506698812452997,0.674623413138627,0.014964336146397384
4.634264470342097e-05,0.006888525244944209,0.012202530433901172,0.009111805879555833,0.6742736350871317,0.03207355669603654,0.723295150719142,0.013084553243042175
5.645377546571768e-05,0.006998860979351028,0.0127275582994865,0.009257752618189192,0.6850736937460001,0.03258728921602595,0.7183460566557721,0.008535647913970434
5.930140953737453e-05,0.008362775068071768,0.01145643035521267,0.005714880456541073,0.6705459735674858,0.03581325086099072,0.734628833086833,0.020059230402459164
0.00012079539204152148,0.008605838543691647,0.011562012694918754,0.005880983059470374,0.6900353456445238,0.036854160506014345,0.7147550777711643,0.02483735178782988
3.498511583504832e-05,0.007764076508847621,0.012190535549795446,0.00748344723744349,0.6566724950856663,0.03348842638755962,0.7341822998474872,0.01189868110753515
3.070467619679027e-05,0.004111685486712088,0.013572653335489902,0.008182458680024056,0.572772107601684,0.034775449390102235,0.7997125990921511,0.012253231873336025
5.60462221916771e-05,0.0024166187561088784,0.013415134038911605,0.0019332950048871025,0.6476538266371793,0.03808591159627592,0.7536950576552369,0.011387107578785033
0.00011868278229680658,0.0023885602619708297,0.012401404880152548,0.0019108482095766637,0.6401341502081823,0.037643709728660275,0.7584156543809778,0.011426872293268449
0.00014236669678604913,0.00302641154174117,0.01178151570006814,0.007163104240807503,0.736008960742971,0.03277120190169433,0.6639839476016515,0.009831360570508298
0.0001266112390414629,0.002953796162066155,0.010284104507454,0.006991233519683207,0.7183492441474496,0.031984893352550677,0.6857176616943282,0.013615427279583047
3.893024163224172e-05,0.004601467998661689,0.01532607757178012,0.011389772273915072,0.4259774830444237,0.03872522573131124,0.8757823696858776,0.010250795046523565
8.344236001433954e-05,0.003705531449137143,0.0109866097363684,0.007760275286151085,0.6479829863936156,0.042681514073830966,0.7426583448846589,0.01561755401337906
0.00020886975612154594,0.0037427641823074656,0.011631962401139851,0.007838249596455425,0.654493841304028,0.043110372780504835,0.7368738445627746,0.01091476256306418
0.011621484172090546,0.0234164310555584,0.008036622636305456,0.031049411344386827,0.8616211648067345,0.026133254548192247,0.4886789227964682,0.022769568319217007
0.004943093641651201,0.02324077068703711,0.008211310969259795,0.030816491518723232,0.8551576396445697,0.02593721369492539,0.5024885746223812,0.017038951768894053
0.006668971578088984,0.023205252358987544,0.007855170232238489,0.03076939539313265,0.853850722159431,0.025897574455886647,0.5069642508461019,0.014718027463048452
0.005481365958785948,0.02328221224318946,0.007861927139799668,0.030871441648428012,0.8566825057438774,0.02598346338742691,0.5026127962377818,0.01629754857023262
0.005897920879680141,0.023503797495819077,0.0083081379214503,0.031165256348047392,0.8648358636583151,0.026230757426273222,0.48638576740519296,0.010115722789637049
0.005053799353879007,0.023840912914067317,0.008233676609162143,0.03161226021754782,0.877240221036952,0.026606985683102748,0.46186829355346426,0.018690748853625146
0.004751436105318177,0.023381144549879843,0.006926502600909155,0.03100262260757548,0.8603227773602196,0.026093874028042693,0.49189536094744446,0.013163196848799755
0.005555310128990075,0.02381379108389333,0.007634885616565358,0.03157629756980331,0.8762422575620418,0.026576717121251116,0.4644873372518067,0.01926154151758002
0.004571547496024805,0.023816448207412463,0.011552951119396762,0.03157982082750824,0.8763400279633535,0.02657968252981943,0.46652606143304354,0.006960718840729941
0.005989935132956031,0.02379739235458961,0.00468190686048031,0.031554553398350865,0.8756388568042365,0.026558415776945312,0.46635000376646046,0.00936118417484409
0.0049699236820619315,0.024332387142190444,0.006671913667772993,0.03226393875207573,0.8953243003701014,0.02715548178299707,0.42484885682577045,0.01882063093871084
0.019671552325138564,0.026331151520093476,0.005619736923874094,0.03491423405979245,0.9688699951592405,0.029386147000325314,0.19118452667241348,0.019391947500709723
0.006345055280061723,0.02344637451341859,0.006438037642634828,0.031089115376908626,0.8627229517092144,0.026166672108898094,0.48644102526403027,0.004222938172030088
0.0073493416664710915,0.023460944159084646,0.008662402752218933,0.031108434244090134,0.8632590502735012,0.02618293215544253,0.4864970260347646,0.004834769155435675
0.008384536980707569,0.023209311758010234,0.008996493441668498,0.03077477802167103,0.854000090101371,0.025902104834906448,0.502718821808172,0.0037955559560060937
0.012028098949735909,0.023581186810461095,0.008098378851592605,0.03126787201387106,0.867683448384922,0.02631712561167481,0.47703047241162033,0.012415950845507966
0.010911061808059484,0.023888260150095455,0.007753786098442585,0.0316750410829995,0.878982390053236,0.02665982624485791,0.45912972049807765,0.011719765200709815
0.014178885111591991,0.023103664939982088,0.00626224199975426,0.03063469384307017,0.8501127541451973,0.025784200651250727,0.5066212494297729,0.04438201270514792
0.023603399401579996,0.023095302741272014,0.005280020041070916,0.030623605844780567,0.8498050621926607,0.02577486825269031,0.5064378816580586,0.048449096413596585
0.025053493018860704,0.023125397067758274,0.009343427003122445,0.030663509924099365,0.8509124003937574,0.025808454186116967,0.5070977953697933,0.017171565557495643
0.019968090126541313,0.02364092303050744,0.00868444736076486,0.03134708026144633,0.8698814772551356,0.026383792553383995,0.47415071152126026,0.03035442271983386
0.01254938518243289,0.023122522830688007,0.008679249729927861,0.03065969878102277,0.8508066411733819,0.025805246474027498,0.507034768591164,0.02713383342120515
0.030208788938000112,0.023121382590548207,0.008149968007055112,0.030658186860395408,0.8507646853759726,0.0258039739408328,0.507009765203789,0.030262185280115303
0.02286222349718763,0.02316075410115444,0.007962948771905197,0.03071039217832633,0.8522133829485556,0.025847913416757993,0.5038295756789254,0.027869680901831145
0.11308136886587146,0.023003598450734842,0.008855749945012176,0.03050200899544951,0.846430749623724,0.025672524237836673,0.5044269737622463,0.021872482283820254
0.02027595142246079,0.02311865146062467,0.008359755459104334,0.030654565472651496,0.850664191866079,0.025800925939481675,0.506949876503974,0.026924926673478896
0.011733263669408259,0.023116535330965804,0.0070703392039904245,0.030651759554871785,0.850586327647692,0.025798564292017084,0.5069034736386921,0.030140896895623923
0.01020743761988162,0.023116056708287955,0.007049758730925386,0.0306511249170669,0.8505687164486064,0.025798030138531308,0.5068929783159938,0.03136631783179846
0.02742756084493279,0.024717018819774235,0.005964858464352147,0.03277394760633048,0.9094770460756706,0.027584739235328146,0.3903240601798933,0.041827750632579264
0.02146761037448061,0.023112560688212984,0.006738396837110493,0.030646489310337657,0.85044007836187,0.02579412850286753,0.506816316969709,0.03934243065214597
0.03113581435788567,0.023102519487645662,0.005937730423012575,0.030633175011242863,0.8500706065619894,0.02578292230112941,0.5065961317484288,0.036096091221581174
0.028886032230554543,0.023137357597790745,0.0063915352480084925,0.030679369190440765,0.8513524950347312,0.02582180240195431,0.5073600679869141,0.040893042516758335
0.018580647196756214,0.02346286822392596,0.00632590038302534,0.03111098549028856,0.8633298473555076,0.026185079454326205,0.4834128628766004,0.03969243232135982
0.010414107717409835,0.0231233270056599,0.006885896826547339,0.030660765090377764,0.850836231257983,0.02580614395106795,0.5070524026821223,0.026636539672265685
0.008912441491622916,0.02317031247507951,0.007313369898902166,0.030723066265298794,0.8525650888620415,0.025858580773293147,0.5049207927925751,0.02190298599163593
0.006860409867541483,0.023459710110900305,0.007842801429892693,0.03110679793710537,0.863213642754674,0.02618155493039702,0.4904245918100804,0.0243151470541707
0.014792143308371851,0.02312490122401563,0.006434088539455397,0.030662852451733426,0.8508941555356025,0.0258079008135423,0.5070869224205415,0.03280925212335477
0.011056534391678407,0.023149662048382973,0.007920765583736781,0.030695684484043716,0.8518052444322132,0.025835534440736795,0.5076298821548729,0.019402230567622632
0.01707959871432657,0.023139623102839183,0.007526130453393053,0.03068237317503538,0.8514358556072318,0.025824330755654778,0.5074097463821475,0.020902366725492855
0.011172641358994801,0.023199565044059536,0.008294164939232554,0.03076185420206789,0.8536414541073839,0.02589122728674047,0.5024179837552738,0.021943455997475096
0.007505682209333364,0.023135505996872283,0.008186901431489889,0.030676914029001922,0.8512843643048034,0.025819735974409952,0.5073194657546193,0.02475882603090697
0.00982568675729346,0.02318097845248209,0.0073602808379234575,0.03073720899776631,0.8529575496880151,0.02587048423978664,0.5034498690425807,0.02551188346814604
0.04891093900991473,0.023083349310318073,0.006954337225920688,0.030607755991581973,0.8493652287663997,0.025761527959581493,0.5061757647107868,0.03901213565760386
0.013177558440456217,0.024052095514292524,0.007776401267935904,0.03189228134491826,0.8850108073214819,0.026842670131972873,0.4493622441498984,0.03982548632946668
0.03196934413052673,0.02310320284445618,0.00764192681932371,0.0306340811197209,0.850095751072255,0.025783684942431755,0.5066111165173843,0.03416976464895535
0.018182098186723998,0.02311684137478431,0.008101111869627451,0.030652165358830023,0.8505975887075331,0.025798905843681934,0.5069101846216515,0.025952166670476087
0.012420393956438146,0.02342808719850125,0.008289142012110609,0.03106486700353757,0.8620500593481676,0.026146263061310786,0.48682529702918814,0.026288643701743667
0.031686538276617375,0.023124477064345367,0.00683385789045212,0.030662290030071204,0.8508785483344758,0.025807427441976595,0.5070776213723025,0.025258061412271153
0.05533722119666479,0.024118059188706565,0.007369999191863866,0.03197974699055014,0.8874379789877663,0.026916287050379697,0.439001976812777,0.036483561358385944
0.08708899479975095,0.02320807184066578,0.0072868216724035146,0.030773133932374512,0.8539544666233927,0.025900721059748548,0.4936138904144257,0.029465275740248598
0.02690362584960209,0.023506030443700962,0.005373920109173181,0.0311682171629184,0.8649180262709856,0.026233249445456318,0.4807957232523188,0.030311091190938146
0.015892828855096262,0.02406976782699855,0.007457638562088831,0.03191571424574393,0.8856610703193941,0.02686239282350114,0.4416203976612125,0.016130733908369745
0.009945177010058414,0.02431258485499613,0.007544960725442721,0.032237681575685476,0.8945956637252719,0.027133381992868605,0.42263600545723656,0.03546144973325402
0.020675001470795432,0.02591839251306576,0.009811758314890971,0.03436692929909272,0.9536822880498229,0.028925498826736368,0.2568355182952196,0.02832407756400225
0.07559085199483621,0.026756096924396126,0.008510212706836932,0.035477697579309776,0.9845061078258462,0.029860395462585728,0.0038434172377585594,0.014944980105284243
0.020789270706940536,0.026780573195330032,0.009849628495100111,0.03551015230320004,0.9854067264138011,0.029887711521860035,0.05185961825946506,0.03139689299474603
0.027818406323245073,0.026766953083341444,0.006844058501088629,0.0354920924861986,0.984905566492011,0.029872511175883815,0.04257572261156906,0.050827634114610235
0.04049992182076582,0.02558115931001268,0.007285683770337865,0.03391976925084554,0.9412735967109638,0.02854913911946166,0.2981689049521202,0.028379540273207434
0.06700302889398915,0.026510562058431292,0.006618852482986244,0.035152126486317735,0.9754715099953172,0.029586373125984094,0.12928659187280275,0.05416356822766791
0.0267567471491177,0.026779531944252595,0.009519309863498408,0.03550877163878797,0.9853684129763661,0.02988654946264654,0.040317251131540506,0.042980409004449605
0.016072113529173652,0.026850644706396705,0.010060832729214498,0.035603064804061925,0.9879850483127184,0.02996591287675212,0.03199825449265065,0.038258460054031544
0.037820517036305235,0.026389187542197358,0.007733052526177613,0.03499118790125616,0.9710054642598586,0.029450916483557268,0.18568657046266604,0.03884021857039434
0.10830129679348298,0.026657747520701852,0.008773491822144803,0.0353472895302124,0.9808872844633941,0.029750635354595437,0.02422762136549975,0.030369212921374154
0.017535354437167028,0.026869442472060752,0.01013022516184213,0.0356279900182021,0.9886767230051082,0.029986891598653434,0.0719240048492455,0.03375752054224649
0.014857837579934667,0.02425517796749621,0.008591157234785535,0.032161561945851326,0.8924833439973743,0.027069314637758198,0.42714574459333793,0.02012777751777862
0.009412333221608695,0.024259316194042,0.008049804036542334,0.03216704909707226,0.8926356124437552,0.02707393299003582,0.428867182086716,0.02104261128433477
0.01642714783255947,0.024678489381760465,0.007700779449070889,0.03272285884874315,0.9080593330526225,0.027541739531025487,0.3975145623896278,0.019224679573636605
0.010478179391752702,0.026899822562446482,0.009070144591083473,0.03566827301097876,0.9897945760546605,0.03002079645090712,0.0037451686661527698,0.03461308660107063
0.013102549655117614,0.026973716095506983,0.008293300003950075,0.0357662533863076,0.9925135314700358,0.030103263266808896,0.0054394510358342805,0.025572871171209932
0.02351511915830831,0.026835788526407472,0.008741646914458476,0.035583366001866255,0.9874384065517886,0.029949333051570767,0.011386677120597202,0.03616159569939659
0.018267728746474563,0.026997672146383635,0.0087063763711846,0.03579801831564681,0.9933950082591989,0.030129998749002726,0.036767547978362236,0.0234029544738541
0.05595144923161182,0.026889807234690068,0.009213844445831369,0.03565499301837357,0.9894260562598666,0.03000961912379775,0.027959457025241274,0.02157127077611601
0.010851790142677049,0.02666139118086395,0.009122320197960797,0.03535212090280302,0.9810213550527839,0.02975470175985921,0.14248377728867237,0.03169906840951338
0.013793360901189801,0.026733351855684716,0.009423137283937484,0.03544753837217863,0.9836691898279568,0.029835011463250342,0.08968227208161192,0.035565696833419216
0.012525416711911536,0.026696487510859918,0.009362944901598825,0.035398657472963425,0.982312744874735,0.02979387003974421,0.12308408192161657,0.026018013242628115
0.014821317763240104,0.026660490296914807,0.010064703325901595,0.03535092636055002,0.980988206505263,0.029753696353462932,0.11979545170431387,0.029002489168301247
0.009498243936971535,0.026678597350918255,0.009470165081748607,0.035374935713924756,0.981654466061412,0.02977390422588667,0.14437395638245543,0.017731686526604784
0.008202369770551051,0.026601152260583374,0.009458840660172076,0.03527224609138127,0.9788048290358302,0.029687473793579233,0.14724693066231204,0.02383815965009184
0.020414869530404053,0.026557788786372376,0.009108881369381198,0.03521474756204072,0.97720924484663,0.029639079198050935,0.14765250196533988,0.02225865502150657
0.016338339337919106,0.02649761137740008,0.009704567172419068,0.03513495431257469,0.9749949821739476,0.029571919879750365,0.16081561380151374,0.03406626611890054
0.021380970835863933,0.02683592949969053,0.009579388977762459,0.035583552927766444,0.9874435937455188,0.02994949038087009,0.04075799458267915,0.02676179709775768
0.02247730451341653,0.026805946531167756,0.009111059837554919,0.03554379650541581,0.9863403530252887,0.029916028725391636,0.013802840976269805,0.03917222573201034
0.020195118154185964,0.026723860667107708,0.00876276867730852,0.03543495337075055,0.9833199560383278,0.02982441908704838,0.10180166812138544,0.050229046403038914
0.012005164311058554,0.023139392567927804,0.007193666407719875,0.03068206749338493,0.8514273729414318,0.025824073473598982,0.5074046911718533,0.029250237677026964
0.028288047551288324,0.023219415842217334,0.007463566926520466,0.03078817570238762,0.8543718757412565,0.02591338121617625,0.5021679741124848,0.028363606865824596
0.012514275089040376,0.023293314100688262,0.008244031498840277,0.030886162343454048,0.8570910050308499,0.02599585330574049,0.49670096741998015,0.02512074537267596
0.0072444291054103715,0.02314077033584601,0.007950964128100901,0.030683894367972604,0.8514780687112398,0.02582561109304361,0.5058879234359617,0.021210241981861062
0.012814221964928377,0.023271608558757966,0.008337921630030134,0.030857381514375202,0.8562923370239119,0.025971629441265794,0.49722813137726346,0.024235901731082192
0.017877494098280215,0.025275352333476945,0.008174691301667073,0.033514279337207,0.9300212516074942,0.028207851775482556,0.3358689360910428,0.03322102939300643
0.015795883665317145,0.026790747047568394,0.009560300286201338,0.03552364249401334,0.98578107920887,0.029899065765794555,0.06373533524134226,0.035494039458601655
0.008435295062642326,0.024280715805298943,0.008506299387922685,0.032195424272219594,0.8934230235540936,0.027097815429118155,0.426602786367023,0.02386485824178277
0.012753966706422867,0.023259474690927717,0.00803287161839719,0.03084129240785995,0.8558458643181136,0.025958087776615457,0.4992691219292395,0.021126285299384068
0.011919315028590975,0.023125471189311787,0.007902267364966485,0.030663608206822256,0.8509151277393175,0.02580853690740873,0.507099420720323,0.02316380069957031
0.010170745884276142,0.024460570807824888,0.008672015628387418,0.03243390604352471,0.9000408927078107,0.0272985375866333,0.41111327322919383,0.026095780237519253
0.009971694340472244,0.026867399588334676,0.010018125956998383,0.03562528122210123,0.9886015539133091,0.02998461169526853,0.0004750037496280164,0.025887704354726895
0.007137579264709998,0.02374322011402959,0.008729896677285465,0.031482722803133155,0.8736455577869451,0.026497958359303738,0.4660623576968825,0.02325786147081462
0.006560678924442657,0.02332894353870541,0.008116152346034694,0.030933405797178442,0.8584020108717018,0.026035616545958522,0.4963393849348102,0.02225916325488632
0.01068018579858404,0.02343710640334564,0.009572957328173166,0.03107682617018206,0.8623819262225522,0.02615632869323657,0.48670194385776383,0.021676086253701987
0.014115431896946841,0.02685508237494393,0.009982375371194625,0.03560894900545051,0.9881483349012516,0.029970865412920846,0.009911157473183725,0.027760143162165796
0.007042727612064603,0.026823115577778948,0.009669659068784952,0.03556656209208258,0.9869720980552915,0.02993518976083617,0.07546038923870188,0.026867573780394047
0.006935801850509072,0.026888538133582544,0.008877674247861286,0.03565331023237464,0.9893793589483963,0.030008202778915322,0.015568612134803594,0.02824039281322675
0.01220133028896301,0.026930299836137258,0.0088319480567575,0.03570868486559636,0.990916005020299,0.030054809761876935,0.005207516542899469,0.025204380067633432
0.01068543449028982,0.024948481182091573,0.008685103863445247,0.03308085902597777,0.9179938379708832,0.027843056346864625,0.37520585981089205,0.02237093091631747
0.008709234971992039,0.0231779462935136,0.0077870216249091824,0.030733188455487646,0.8528459796397821,0.025867100283368766,0.5082501040826269,0.01882407792898618
0.006683159792186368,0.025137557014996113,0.009306451356767345,0.03333156731270203,0.9249509929274813,0.02805406915485754,0.35446733021753907,0.022804347303106973
0.004743435433585173,0.02324766425800792,0.008189342945251851,0.030825632165314365,0.8554112925874737,0.025944907072472923,0.5027532166028751,0.018816479634243977
0.008523727664557572,0.023182768647630938,0.008090914339617936,0.03073958273719019,0.8530234209570278,0.025872482137135076,0.5083558495162828,0.017918615103887117
0.007464028711640412,0.023208286967470595,0.00835113663089149,0.030773419183386424,0.8539623823389733,0.025900961146016904,0.504966164283385,0.013194103474876928
0.01006233860301634,0.023232669251235537,0.007969704054194554,0.030805749283406233,0.854859542614523,0.02592817231353358,0.5094500787743306,0.016968833563609603
0.004230308142552817,0.024202989436150586,0.0077008296222536585,0.03209236168329359,0.8905630367113971,0.02701107108343877,0.447153572787224,0.0188943779410391
0.005609494538808509,0.026895997105265197,0.008844473744228643,0.03566320058156711,0.9896538161384874,0.030016527156152318,0.03270612686667884,0.025484328748911496
0.005888172798156634,0.024099769269841594,0.007992868228003264,0.03195549516443084,0.8867649908129558,0.026895875096729287,0.44110566637601223,0.02838713153773606
0.020338369766840583,0.023634539236105895,0.0077380264924399745,0.03133861556168737,0.8696465818368246,0.026376668097753537,0.48149171259235846,0.023673712505558
0.016795529055455817,0.02325022951287182,0.007338594541825232,0.030829033608227824,0.855505682628322,0.02594776995359175,0.5098351432960676,0.01895985566906011
0.005569036062413754,0.023178758397091825,0.007897425582036755,0.030734265277911812,0.8528758614620527,0.025868006608909106,0.5082679120334666,0.02086088255738264
0.005172305393789532,0.023182076021897365,0.007977964173502688,0.03073866433842744,0.8529979353913615,0.025871709151509763,0.5063298405379383,0.016483608751481714
0.004586167568613464,0.0232605985944113,0.0082722913343771,0.03084278266662271,0.8558872189987803,0.025959342077740782,0.5055260590653907,0.01845426496219592
0.006049553106682961,0.023563482507862592,0.009086912038943696,0.03124439669550841,0.8670320083003583,0.026297367218719576,0.4877771064113788,0.015179569394567835
0.010589543118022089,0.023792915460333474,0.00713393106095192,0.03154861718497256,0.8754741268829886,0.026553419464018572,0.4634754769615677,0.023845496488975094
0.008646594982567592,0.024479967400029005,0.008334008791103796,0.03245962528180641,0.900754601570128,0.027320184612187062,0.4094781729299879,0.03259487372048061
0.0062319351566332655,0.02315510834338767,0.008294901795498653,0.030702906090679778,0.8520056440163638,0.025841612626322147,0.5068666009245097,0.023897095240579095
0.019771905055487496,0.023820938103513434,0.006980456116079295,0.031585774280901785,0.8765052362950245,0.026584693353092336,0.4599415164870649,0.032783401555719315
0.013223272720896032,0.023389156283418172,0.007992371912317204,0.03101324590066498,0.8606175737434532,0.026102815299726356,0.4906553945201038,0.02329870098287457
0.018505248613954996,0.02336765803055634,0.008041831042670467,0.030984739930019455,0.8598265330580399,0.02607882277443304,0.4948779379156274,0.016925414186773128
0.007476618127354491,0.023236015752911877,0.008013216040313588,0.030810186633695304,0.8549826790850448,0.025931907083360215,0.509523461454736,0.013787558518578649
0.007337919026770964,0.023267720076198446,0.008677188426206602,0.03085222551540125,0.8561492580523847,0.025967289808796052,0.5052951784724488,0.009949842728716903
0.007354978583230911,0.023228301488089582,0.009061604243502792,0.030799957774262428,0.8546988282357824,0.025923297793337543,0.5072753045421021,0.008996154333232484
0.003635349539680801,0.0233466837928961,0.007432242652744049,0.03095692878616057,0.8590547738159559,0.026055415061685145,0.5068165191107589,0.013440466581324714
0.0031117118610435777,0.02367892670171101,0.0076806065561185275,0.03139747186967206,0.8712798443833996,0.026426205490307313,0.4849993644268134,0.017451761447559385
0.004747563011957041,0.023391020564291966,0.008157133801205021,0.03101571787530426,0.8606861710396932,0.026104895878381086,0.5022220116958642,0.013672762296696629
0.007313117637120038,0.02325601602879127,0.007855650939228166,0.030836706336518808,0.8557186008383969,0.025954227833236664,0.5045399101760086,0.019247244205043822
0.006250055027122552,0.023394068658721172,0.007632153338660138,0.031019759547475583,0.8607983274424474,0.02610829761912528,0.5017704604800405,0.014799010284108141
0.00018406329136699565,0.033845391107785096,0.006654389441307135,0.004880373627654665,0.8674864123156166,0.02452387747896469,0.4820467041375203,0.022034886928860808
0.00023004953965604825,0.03480162638413469,0.006792213599268392,0.0050182590315983695,0.8919955428666101,0.025216751633781807,0.4316330049553547,0.030071917246853225
0.0002637675871914763,0.03526902954155767,0.006475312453322033,0.005085656747160442,0.9039754868077686,0.025555425154481223,0.4048564194995749,0.03773557306393048
0.00012927616773266115,0.033914515726347835,0.007314727742997083,0.0048903411285288875,0.8692581355960097,0.02457396417085766,0.4769427444126011,0.02209211604812925
0.0001358539995064682,0.03385366462728555,0.007301603297226007,0.004881566636955379,0.8676984697188186,0.02452987235070078,0.48437344955189743,0.016292228650838576
0.0003092810173982657,0.01729232622808375,0.010184448481287304,0.010707322741847524,0.697760532010397,0.03426343277391208,0.7082893993732137,0.021432491021598127
0.000499750484834136,0.01732153735394634,0.010593130068058412,0.010725410126282564,0.6989392265627471,0.0343213124041042,0.7094858798535916,0.024293053936030005
0.0003218723445183348,0.017425236149408704,0.010196190811883112,0.010789619906754616,0.7031235639235092,0.03452678370161477,0.7072416021879205,0.03164955172648021
0.0005145993117905491,0.017218464541610568,0.00957765984306305,0.010661587951461653,0.694780148170251,0.03411708144467729,0.7052640429891883,0.03756432821564989
0.0004773248955085238,0.017234064525961677,0.010304867890962018,0.010671247384496397,0.6954096212230151,0.034147991630388466,0.7059030144844365,0.02507743135356653
0.00042579155306051526,0.01725460082450817,0.010717795909464877,0.010683963358828588,0.696238278883663,0.03418868274825148,0.706744176186511,0.023006134432677558
0.00031650525084064347,0.01724644818447863,0.009911813203236482,0.010678915284506893,0.6959093127070325,0.03417252891042206,0.7043990503582155,0.02687527013267568
0.0003982041226706282,0.01719671070807731,0.010696034616881522,0.010648118085496787,0.6939023619048739,0.03407397787358971,0.7043730113556124,0.02543125536086149
0.00012955806132016089,0.024678711025858526,0.0136384527907364,0.002068626238546398,0.5647349631231666,0.043441151009474356,0.8108807992478025,0.020003615726743668
9.266774662383695e-05,0.024420724922075875,0.012527647654912351,0.0020470012508026717,0.5588313414691294,0.04298702626685611,0.8124547964435804,0.01858677135728826
0.00012376582444192618,0.024300959275710653,0.014209848441522005,0.0020369622192548745,0.5560906858565807,0.042776206604352364,0.8084703048222597,0.011488466916597492
0.00022464471901653243,0.024454890937742783,0.01392678365725268,0.0020498651247060173,0.5596131790447427,0.04304716761882636,0.8065194333155824,0.013283126008094993
9.692142891966426e-05,0.024388792385817225,0.01232727729140636,0.002044324592273028,0.5581006136905367,0.04293081643773359,0.8113924306731648,0.01610927778711146
