CRIM,INDUS,NOX,RM,DIS,PTRATIO,LSTAT
-0.4197819386460083,-1.287909498957745,-0.14421743255530314,0.4136718893017581,0.14021360349292905,-1.4590003802772022,-1.0755623045678657
-0.4173392644935286,-0.5933810131002402,-0.7402622069004932,0.19427445318162764,0.5571598750882428,-0.30309414801650153,-0.492439365735295
-0.4173415919581808,-0.5933810131002402,-0.7402622069004932,1.282713681725651,0.5571598750882428,-0.30309414801650153,-1.208727398772419
-0.416750415936523,-1.3068777139076349,-0.8352838375932041,1.0163025092940647,1.0777366189304816,0.11303209559735014,-1.3615168226492227
-0.41248184576439545,-1.3068777139076349,-0.8352838375932041,1.2285766520336716,1.0777366189304816,0.11303209559735014,-1.0265014803872408
-0.4170436764826997,-1.3068777139076349,-0.8352838375932041,0.20709638126656957,1.0777366189304816,0.11303209559735014,-1.0433223343920266
-0.4102428247689828,-0.47665353648553344,-0.26515405343693593,-0.3884109453452136,0.839243922020929,-1.505236629567631,-0.03126761843742067
-0.40369566670235524,-0.47665353648553344,-0.26515405343693593,-0.16046555716845437,1.024637886132401,-1.505236629567631,0.910700205830578
-0.3959347358196075,-0.47665353648553344,-0.26515405343693593,-0.9312059009411201,1.0871964647915542,-1.505236629567631,2.4217735905938262
-0.40072931300313136,-0.47665353648553344,-0.26515405343693593,-0.39980821475405154,1.3296347255527103,-1.505236629567631,0.6233439499154895
-0.3943462411944837,-0.47665353648553344,-0.26515405343693593,0.13158947143301822,1.2129791389041071,-1.505236629567631,1.0929261242157564
-0.4068470538414287,-0.47665353648553344,-0.26515405343693593,-0.39268492137352673,1.1559348422544233,-1.505236629567631,0.08647835959607916
-0.40960393572195497,-0.47665353648553344,-0.26515405343693593,-0.5636439625060962,0.7871434644142177,-1.505236629567631,0.4285023910267218
-0.34723021050775266,-0.4372580131280699,-0.14421743255530314,-0.47816444193981206,0.4337540466694266,1.1764658292771952,-0.6157922951037235
-0.3462759500003523,-0.4372580131280699,-0.14421743255530314,-0.26873961655241435,0.317003386193074,1.1764658292771952,-0.3354447283572953
-0.3475060150690379,-0.4372580131280699,-0.14421743255530314,-0.6420001896918579,0.3344494335851022,1.1764658292771952,-0.5863558005953484
-0.2978681764316524,-0.4372580131280699,-0.14421743255530314,-0.49810966340527885,0.3344494335851022,1.1764658292771952,-0.8512842511707231
-0.32925752846349465,-0.4372580131280699,-0.14421743255530314,-0.41975343621951705,0.22002808188861175,1.1764658292771952,0.282721656318579
-0.3271034599278872,-0.4372580131280699,-0.14421743255530314,-1.18052116925945,0.0006927612705775703,1.1764658292771952,-0.13499621813359913
-0.33605372524790716,-0.4372580131280699,-0.14421743255530314,-0.7944386680350646,0.0006927612705775703,1.1764658292771952,-0.19246746931661696
-0.27484256862747686,-0.4372580131280699,-0.14421743255530314,-1.0181100801835095,0.0013582780648238077,1.1764658292771952,1.1728251807384886
-0.3213627683632457,-0.4372580131280699,-0.14421743255530314,-0.45536990312213615,0.10327742141225876,1.1764658292771952,0.16497567828507914
-0.2770908994814982,-0.4372580131280699,-0.14421743255530314,-0.20320531745159578,0.08644935390060221,1.1764658292771952,0.850425478980096
-0.30549062316759457,-0.4372580131280699,-0.14421743255530314,-0.6719180218900574,0.14268552301441548,1.1764658292771952,1.0130270676930244
-0.3332072359782714,-0.4372580131280699,-0.14421743255530314,-0.5137809088424299,0.2873878888491134,1.1764658292771952,0.5112049232169181
-0.32270106053825837,-0.4372580131280699,-0.14421743255530314,-0.9767949785764719,0.31353319148021835,1.1764658292771952,0.5406414177252932
-0.34232507875324947,-0.4372580131280699,-0.14421743255530314,-0.6719180218900574,0.4216321336313692,1.1764658292771952,0.302345985990829
-0.3092913729446307,-0.4372580131280699,-0.14421743255530314,-0.33854789168154736,0.3129627485137216,1.1764658292771952,0.648575230922668
-0.33056207240105057,-0.4372580131280699,-0.14421743255530314,0.29969919521337846,0.31358072839409296,1.1764658292771952,0.020596681410668692
-0.30385907044640514,-0.4372580131280699,-0.14421743255530314,0.554713098236128,0.2110436051662864,1.1764658292771952,-0.09434582095536692
-0.28892140230861074,-0.4372580131280699,-0.14421743255530314,-0.8143838895005313,0.2081913903338021,1.1764658292771952,1.3942997584681671
-0.26286427179494976,-0.4372580131280699,-0.14421743255530314,-0.30293142477892826,0.180619980286455,1.1764658292771952,0.05423838942023986
-0.2589925343460216,-0.4372580131280699,-0.14421743255530314,-0.47673978326370686,0.09267668961819274,1.1764658292771952,2.1105877915052913
-0.2864880380147398,-0.4372580131280699,-0.14421743255530314,-0.8314797936137889,-0.003728171719772962,1.1764658292771952,0.7985611791320071
-0.23282834045835957,-0.4372580131280699,-0.14421743255530314,-0.26873961655241435,-0.016753286121450797,1.1764658292771952,1.077507008044703
-0.41304974713953124,-0.7553403869031458,-0.4811123050112801,-0.500958980757488,-0.20666325705102287,0.34421334204949033,-0.4167455227137595
-0.4091780096906031,-0.7553403869031458,-0.4811123050112801,-0.6320275789591239,-0.19829676020906933,0.34421334204949033,-0.174244877478099
-0.4111912666147527,-0.7553403869031458,-0.4811123050112801,-0.619205650874182,0.06615109167608976,0.34421334204949033,-0.5443036655833844
-0.40014628310775624,-0.7553403869031458,-0.4811123050112801,-0.4539452444460309,0.02484151351894378,0.34421334204949033,-0.353667320195813
-0.4173020250590935,-1.1945275176659798,-1.0944337394824173,0.4421650628238524,0.7634700813045987,-0.07191290156436134,-1.168077001594187
-0.41660844059273905,-1.1945275176659798,-1.0944337394824173,1.0533436348727878,0.7634700813045987,-0.07191290156436134,-1.496083654687508
-0.405686812712309,-0.6167265084231814,-0.9216671382229419,0.6914803311421823,0.9154931318760063,-0.25685789872607445,-1.0951866342401158
-0.40405060506181517,-0.6167265084231814,-0.9216671382229419,-0.16473953319676876,0.9154931318760063,-0.25685789872607445,-0.9592180643680981
-0.4019721791274041,-0.6167265084231814,-0.9216671382229419,-0.10490386880036852,0.9154931318760063,-0.25685789872607445,-0.730734797469759
-0.4062395855672056,-0.6167265084231814,-0.9216671382229419,-0.3072054008072427,0.9154931318760063,-0.25685789872607445,-0.4349681145522772
-0.4005687179421299,-0.6167265084231814,-0.9216671382229419,-0.8585483084597779,0.6205265812832662,-0.25685789872607445,-0.3424534175259558
-0.3985973553817198,-0.6167265084231814,-0.9216671382229419,-0.7103838061448857,0.6205265812832662,-0.25685789872607445,0.2098312889645077
-0.39383652643565276,-0.6167265084231814,-0.9216671382229419,-0.36276708917532724,0.9005190040054641,-0.25685789872607445,0.8616393816499534
-0.3909737449134516,-0.6167265084231814,-0.9216671382229419,-1.2617267137974209,0.9863706704632383,-0.25685789872607445,2.545126519962255
-0.39494207214544585,-0.6167265084231814,-0.9216671382229419,-0.9725210025481575,1.0898585319685394,-0.25685789872607445,0.4971875448795965
-0.4101916205466345,-0.8020313775490284,-0.9994121087897058,-0.4582192204743453,1.4354518958378737,-0.7654566409207818,0.11170964060325766
-0.4154703103778152,-0.8020313775490284,-0.9994121087897058,-0.24167110170642406,1.4354518958378737,-0.7654566409207818,-0.451788968557063
-0.41427981220821686,-0.8020313775490284,-0.9994121087897058,0.3224937340310544,1.4354518958378737,-0.7654566409207818,-1.0335101695559015
-0.414720866759808,-0.8020313775490284,-0.9994121087897058,-0.4083561668106791,1.4354518958378737,-0.7654566409207818,-0.5919627519302771
-0.418934741512609,-1.041322704609177,-1.249923680615945,-0.5650686211822014,1.6755133109052929,1.222702078567624,0.3009442481570969
-0.41899176439658775,-1.4469506858452827,-1.310391991056761,1.3738918369963546,2.3300490780465393,-0.25685789872607445,-1.0993918477413123
-0.4181259475459709,-1.516987171814107,-1.249923680615945,0.140137423489647,2.5634553251714953,-0.5342753944686417,-0.9648250157030267
-0.4188509527851299,-1.4323597512684445,-1.2412853505529713,0.7570146302430009,2.153306832260269,-1.551472878858059,-1.2199413014422764
-0.4025435716995182,-0.876445143890904,-0.878475487908073,-0.19893134142328264,1.9108685714991132,0.5753945885016305,-0.8120355918262232
-0.40849839001216187,-0.876445143890904,-0.878475487908073,-0.5095069328141167,1.4912126958129397,0.5753945885016305,-0.48122546306543784
-0.40314056638280654,-0.876445143890904,-0.878475487908073,-0.7744934465695991,1.6306860011214162,0.5753945885016305,0.06965750559129358
-0.400534969704673,-0.876445143890904,-0.878475487908073,-0.4539452444460309,1.4372582985651137,0.5753945885016305,0.2504816861427397
-0.40768494111621933,-0.876445143890904,-0.878475487908073,0.24413750684529387,1.6307335380352912,0.5753945885016305,-0.830258183664741
-0.4057962035509622,-0.876445143890904,-0.878475487908073,0.6800830617333443,1.9898273854450503,0.5753945885016305,-0.441976803720938
-0.41824697570788505,-1.4236051905223417,-1.1972298672318047,1.1673163289611674,2.580235855769277,0.0667958463069231,-0.6452287896120984
-0.416346600819367,-1.1332455924432587,-1.3535836413716298,0.007644166611905868,1.3388568868444093,-1.0891103859537778,-1.119016177413562
-0.415421433620119,-1.1332455924432587,-1.3535836413716298,-0.7089591474687804,1.3388568868444093,-1.0891103859537778,-0.3382482040247595
-0.4137805710403208,-0.7392903588686235,-1.2585620106789188,-0.5793152079432485,1.2849024895965833,0.20550459417820588,-0.6382201004434378
-0.4047441895281696,-0.7392903588686235,-1.2585620106789188,-0.9839182719569954,1.2849024895965833,0.20550459417820588,0.06124707858890067
-0.40560302398482995,-0.7392903588686235,-1.2585620106789188,-0.5693425972105157,1.2849024895965833,0.20550459417820588,-0.5415001899159201
-0.41024631596596106,-0.04768005992648626,-1.2240086904270238,0.18857581847720803,0.7093730733151489,0.34421334204949033,-0.8316599214984732
-0.40204200306696997,-0.04768005992648626,-1.2240086904270238,-0.4610685378265545,0.7093730733151489,0.34421334204949033,-0.38871076603911653
-0.40985297443973995,-0.04768005992648626,-1.2240086904270238,-0.312904035511661,0.7093730733151489,0.34421334204949033,-0.9998684615463302
-0.39777925155647287,-0.04768005992648626,-1.2240086904270238,-0.056465473812807504,0.7093730733151489,0.34421334204949033,-0.7167174191324377
-0.41132858702923225,0.2470568185256481,-1.0166887689156532,-0.016575030881875275,0.21698571940062852,0.11303209559735014,-0.8232494944960803
-0.40944799559025785,0.2470568185256481,-1.0166887689156532,0.0019455319074862549,0.33635091014009183,0.11303209559735014,-0.520474122409938
-0.40870204316922903,0.2470568185256481,-1.0166887689156532,-0.008027078825246487,0.12224465004827874,0.11303209559735014,-0.09574755878909903
-0.41038480011276673,0.2470568185256481,-1.0166887689156532,-0.20605463480380623,0.1404512880623026,0.11303209559735014,-0.3340429905235632
-0.41394698476295283,0.2470568185256481,-1.0166887689156532,-0.07498603660216903,0.5795022246093688,0.11303209559735014,-0.04388325894100992
-0.4107571944571181,0.2470568185256481,-1.0166887689156532,-0.5850138426476681,0.33635091014009183,0.11303209559735014,-0.4980463170702237
-0.41573098641886114,-0.9158406672483674,-1.1117103996083648,0.6302200080696794,0.7632799336490999,0.25174084346863457,-1.0321084317221694
-0.41532484383705287,-0.9158406672483674,-1.1117103996083648,0.4763568710503662,0.7632799336490999,0.25174084346863457,-0.7615730298118661
-0.41625932089490963,-0.9158406672483674,-1.1117103996083648,0.024740070725162176,0.7632799336490999,0.25174084346863457,-0.8316599214984732
-0.4163850039861282,-0.9158406672483674,-1.1117103996083648,-0.16758885054897793,0.7632799336490999,0.25174084346863457,-0.7209226326336341
-0.41463009563837233,-0.9698271251826692,-0.9130288081599681,0.14868537554627578,0.46793308774536224,0.020559597016494405,-0.4251559497161524
-0.4138434125859301,-0.9698271251826692,-0.9130288081599681,0.4920281164875186,0.305499453035388,0.020559597016494405,-0.8582929403393839
-0.41447997416830573,-0.9698271251826692,-0.9130288081599681,-0.3841369693168992,0.3005080770785405,0.020559597016494405,0.02900710841306136
-0.4121955676121753,-0.9698271251826692,-0.9130288081599681,-0.23312314964979527,-0.02255278961416864,0.020559597016494405,-0.590561014096545
-0.41393069251038744,-1.1274092186125233,-0.5674956056410178,1.0291244373790067,-0.1774755919319347,-0.30309414801650153,-1.0026719372137944
-0.4143473086831305,-1.1274092186125233,-0.5674956056410178,1.1316998620585483,-0.18089824973091578,-0.30309414801650153,-0.9746371805391516
-0.41506649526065914,-1.1274092186125233,-0.5674956056410178,0.18857581847720803,-0.3340621862353167,-0.30309414801650153,-0.5386967142484557
-0.4159416219698849,-1.1274092186125233,-0.5674956056410178,0.1714799143639517,-0.3341572600630662,-0.30309414801650153,-0.6242027221061164
-0.4156262505095123,0.5695164726737753,-0.7834538572153615,0.22419228537982713,-0.06139044824982817,-0.11814915085479002,-0.6298096734410449
-0.4171716870385705,0.5695164726737753,-0.7834538572153615,-0.10490386880036852,-0.06139044824982817,-0.11814915085479002,-0.9031485510188124
-0.41552035086783734,0.5695164726737753,-0.7834538572153615,-0.05076683910838916,-0.08558673741206901,-0.11814915085479002,-0.2891873798441346
-0.40631522816840193,-1.2032820784120826,-0.9475821284118632,0.484904823106995,-0.14253596023400336,-0.21062164943564576,-0.8414720863345981
-0.40712984079667053,-1.2032820784120826,-0.9475821284118632,-0.1732874852533963,-0.14253596023400336,-0.21062164943564576,-0.18405704231422404
-0.40645603977985983,-1.2032820784120826,-0.9475821284118632,2.5421119514022466,-0.14253596023400336,-0.21062164943564576,-1.1834961177652406
-0.41098994092233776,-1.2032820784120826,-0.9475821284118632,2.1873719410521644,-0.14253596023400336,-0.21062164943564576,-1.2732073391240977
-0.41253421371906984,-1.2032820784120826,-0.9475821284118632,1.611809835905848,-0.14253596023400336,-0.21062164943564576,-0.9059520266862766
-0.40321737271632896,-0.37597608790534887,-0.299707373688831,0.6302200080696794,-0.48356578037136283,1.1302295799867665,-0.4531907063907951
-0.4072136295241496,-0.37597608790534887,-0.299707373688831,0.7071515765793346,-0.44634437680744415,1.1302295799867665,-0.6984948272939199
-0.3938958767842838,-0.37597608790534887,-0.299707373688831,0.1714799143639517,-0.5135615730263214,1.1302295799867665,-0.28358042850920595
-0.3958916777235419,-0.37597608790534887,-0.299707373688831,-0.21032861083212062,-0.5135615730263214,1.1302295799867665,0.11030790276952555
-0.4042717142037738,-0.37597608790534887,-0.299707373688831,-0.16758885054897793,-0.6531774890764226,1.1302295799867665,-0.04528499677474203
-0.4050839993673902,-0.37597608790534887,-0.299707373688831,-0.6177809921980768,-0.8024909355569698,1.1302295799867665,0.5350344663903642
-0.40059432005330403,-0.37597608790534887,-0.299707373688831,-0.6391508723396475,-0.7530050082133692,1.1302295799867665,0.8420150519777033
-0.4052527405546744,-0.37597608790534887,-0.299707373688831,-0.22457519759316774,-0.7951227139063857,1.1302295799867665,0.20142086196211478
-0.40561931623739533,-0.37597608790534887,-0.299707373688831,0.26978136301517897,-0.6475205963253289,1.1302295799867665,-0.053695423777134946
-0.3898379421631799,-0.37597608790534887,-0.299707373688831,-0.07926001263048343,-0.5941841789578746,1.1302295799867665,0.4060745856870075
-0.4079572544805263,-0.37597608790534887,-0.299707373688831,-0.12769840761804443,-0.48356578037136283,1.1302295799867665,0.04863143808531142
-0.4087823406997298,-0.16440753654119306,-0.06647246198853923,0.6131241039564218,-0.5312453049877234,-0.30309414801650153,-0.34946210669461664
-0.4061697616276397,-0.16440753654119306,-0.06647246198853923,-0.5294521542795823,-0.6853124428557443,-0.30309414801650153,0.49858928271332886
-0.39466859504881285,-0.16440753654119306,-0.06647246198853923,-0.27443825125683396,-0.5928056084555072,-0.30309414801650153,0.6219422120817572
-0.4039563427434012,-0.16440753654119306,-0.06647246198853923,-0.04364354572786559,-0.731375712400364,-0.30309414801650153,-0.30881170951638465
-0.40057802780073865,-0.16440753654119306,-0.06647246198853923,-0.5080822741380115,-0.6331644483351586,-0.30309414801650153,0.4355110801953823
-0.40520502752930443,-0.16440753654119306,-0.06647246198853923,-0.15476692246403476,-0.506240888289612,-0.30309414801650153,-0.08593539395297425
-0.40294738681667425,-0.16440753654119306,-0.06647246198853923,-0.37558901726027044,-0.4980170021892828,-0.30309414801650153,-0.3298377770223666
-0.4053214007619142,-0.16440753654119306,-0.06647246198853923,-0.5878631599998773,-0.6263191327371964,-0.30309414801650153,0.38084330467982874
-0.4036712283235072,-0.16440753654119306,-0.06647246198853923,-0.7887400333306462,-0.49240764635206385,-0.30309414801650153,0.13413744594297194
-0.412488828158352,2.117614631276323,0.22723076015256793,-0.5907124773520864,-0.7308052694338673,0.29797709275906326,0.24066952130661465
-0.4121792753596099,2.117614631276323,0.22723076015256793,-0.39980821475405154,-0.7594700285003333,0.29797709275906326,0.22665214296929329
-0.4096958705757167,2.117614631276323,0.22723076015256793,-0.4610685378265545,-0.811998318331917,0.29797709275906326,0.739688190115257
-0.4030172107562401,2.117614631276323,0.22723076015256793,-0.6106576988175532,-0.8797384206034166,0.29797709275906326,1.7881880897468987
-0.4090558177963628,2.117614631276323,0.22723076015256793,-0.5778905492671446,-0.8503130709149547,0.29797709275906326,0.6906273659346318
-0.40084801370039336,2.117614631276323,0.22723076015256793,-0.42545207092393666,-0.8566830173741694,0.29797709275906326,0.302345985990829
-0.37544024582469504,2.117614631276323,0.22723076015256793,-0.9568497571110052,-0.9687275233769231,0.29797709275906326,2.047509588987345
-0.3903592942452718,1.5689954911872015,0.5986789528604399,-0.8428770630226269,-0.9539435431618801,1.268938327858051,0.6359595904190787
-0.3826460763878941,1.5689954911872015,0.5986789528604399,0.20852103994267476,-0.942439610004194,1.268938327858051,0.3836467803472932
-0.3179635062387133,1.5689954911872015,0.5986789528604399,-0.9226579488844926,-0.8628628161778851,1.268938327858051,0.7971594412982748
-0.3809435359948127,1.5689954911872015,0.5986789528604399,0.24698682419750306,-0.7969766535475004,1.268938327858051,-0.0074380752639742805
-0.2816911333665637,1.5689954911872015,0.5986789528604399,0.058931878951676064,-0.7244828598885273,1.268938327858051,-0.05509716161086706
-0.351851391574688,1.5689954911872015,0.5986789528604399,0.12446617805249466,-0.6976720404631759,1.268938327858051,-0.21489527465633124
-0.38213519789673706,1.5689954911872015,0.5986789528604399,-0.6590960938051142,-0.6299319381916764,1.268938327858051,0.333184218332936
-0.30691735899939077,1.5689954911872015,0.5986789528604399,-0.7516989077519232,-0.6888301744824749,1.268938327858051,0.6527804444238641
-0.3556067557910063,1.5689954911872015,0.5986789528604399,0.07175380703661924,-0.8006845328297298,1.268938327858051,0.6037196202432394
-0.38297075770687544,1.5689954911872015,0.5986789528604399,-0.4881370526725448,-0.8690426149816008,1.268938327858051,0.5953091932408463
-0.37951563643069036,1.5689954911872015,0.5986789528604399,0.24128818949308345,-0.9247083411289172,1.268938327858051,0.2715077536487218
-0.3914473839701735,1.5689954911872015,0.5986789528604399,-0.609233040141448,-1.0108452290699397,1.268938327858051,1.2148773157504529
-0.35714986485541234,1.5689954911872015,0.5986789528604399,-0.19038338936665386,-1.0107976921560649,1.268938327858051,0.8139802953030606
-0.3866644441099106,1.5689954911872015,0.5986789528604399,-0.15761623981624392,-1.037798659236915,1.268938327858051,1.612970860530381
-0.23098731591847252,1.5689954911872015,0.5986789528604399,-1.8030970107172235,-1.1197998356708356,1.268938327858051,3.049752140105825
-0.03403609331731552,1.2319449024622358,2.732346478414959,-1.2560280790930025,-1.1757983202152753,-1.7364178760197713,1.9858331243031304
0.056310265819305205,1.2319449024622358,2.732346478414959,-1.1634252651461936,-1.132920023900263,-1.7364178760197713,1.929763610953845
-0.09703008786132804,1.2319449024622358,2.732346478414959,-1.9683574171453746,-1.1642468501437142,-1.7364178760197713,2.3320623692349693
-0.14362593019829326,1.2319449024622358,2.732346478414959,-0.22030122156485335,-1.129449829187407,-1.7364178760197713,2.1232034320088804
-0.169727282540346,1.2319449024622358,2.732346478414959,-0.9354798769694345,-1.0831013381595391,-1.7364178760197713,0.5602657473975428
-0.14487345125187034,1.2319449024622358,2.732346478414959,-1.9355902675949646,-1.1096269361016422,-1.7364178760197713,2.365704077244541
-0.1492525759949772,1.2319449024622358,2.732346478414959,-1.5651790118077316,-1.0769215393558234,-1.7364178760197713,2.1960937993629517
-0.10235649071787874,1.2319449024622358,2.732346478414959,-0.9796442959286811,-1.0787754789969382,-1.7364178760197713,1.2330999075889706
-0.2277335203347024,1.2319449024622358,2.732346478414959,-0.23169849097369133,-1.0348989074905561,-1.7364178760197713,0.20282259979584688
-0.24638582205740167,1.2319449024622358,2.732346478414959,-1.2546034204168974,-1.047448652753487,-1.7364178760197713,0.08788009742981127
-0.2894136610825503,1.2319449024622358,2.732346478414959,-1.8130696214499575,-1.038606786772786,-1.7364178760197713,-0.07472149128311711
-0.17041039341576558,1.2319449024622358,2.732346478414959,-0.8200825242049509,-1.0324269879690702,-1.7364178760197713,0.43971629369657866
-0.25598312255073213,1.2319449024622358,2.732346478414959,-0.22172588024095857,-0.9724354026591526,-1.7364178760197713,0.3457998588365252
-0.009136876468122068,1.2319449024622358,2.732346478414959,-0.18895873069054864,-0.9742893423002674,-1.7364178760197713,0.3317824804992039
-0.13578935671434914,1.2319449024622358,2.732346478414959,-1.4426583656627232,-0.9786152014628685,-1.7364178760197713,0.4887771178772038
-0.2781254575193993,1.2319449024622358,0.4345506816639384,0.937946282108303,-0.9116356898133647,-1.7364178760197713,-1.1302300800834193
-0.26424678579835426,1.2319449024622358,0.4345506816639384,-0.31147937683555704,-0.9686799864630485,-1.7364178760197713,-0.8723103186767054
-0.2546832335424806,1.2319449024622358,2.732346478414959,0.32106907535494916,-0.964591811869821,-1.7364178760197713,-0.7377434866384198
-0.27232076067682237,1.2319449024622358,0.4345506816639384,-0.04934218043228394,-0.9491423148605318,-1.7364178760197713,-1.0026719372137944
-0.25022148380422077,1.2319449024622358,0.4345506816639384,1.7158099192614935,-0.8671411384266113,-1.7364178760197713,-1.5311271005308116
-0.20711567471322356,1.2319449024622358,0.4345506816639384,2.161728084882278,-0.8339603725420452,-1.7364178760197713,-1.504494081689901
-0.24374414967715907,1.2319449024622358,0.4345506816639384,2.978057506290297,-0.7762980960119901,-1.7364178760197713,-1.3082507849674012
-0.15956673560118415,1.2319449024622358,0.4345506816639384,-0.6135070161697623,-0.6527021199376751,-1.7364178760197713,-0.1420049073022597
-0.08024208532503788,1.2319449024622358,0.4345506816639384,-0.2616163231718908,-0.71858828256806,-1.7364178760197713,-0.39852293087524154
-0.18658510901620207,1.2319449024622358,0.4345506816639384,2.3426597367475814,-0.831488453020559,-1.7364178760197713,-1.25498474728558
-0.2110130142733259,1.2319449024622358,0.4345506816639384,-0.5807398666193537,-0.6508481802965604,-1.7364178760197713,-0.07191801561565264
-0.15281243318051116,1.2319449024622358,0.4345506816639384,0.04895926821894332,-0.8057709826143266,-1.7364178760197713,-0.21769875032379546
-0.1354576930014112,1.2319449024622358,0.4345506816639384,0.16720593833563732,-0.7285234975678797,-1.7364178760197713,-0.18686051798168826
-0.2800060489583738,1.2319449024622358,0.4345506816639384,-0.5835891839715629,-0.6508481802965604,-1.7364178760197713,0.24907994830900756
-0.1512413945402788,1.2319449024622358,0.4345506816639384,-0.5764658905910394,-0.6685319122579624,-1.7364178760197713,-0.08733713178670637
-0.40432524589077434,-1.034027237320758,-0.3860906743185687,-1.0152607628313002,-0.569940352881759,-0.8579291395016376,0.2855251319860432
-0.40983668218717456,-1.034027237320758,-0.3860906743185687,0.18715115980110408,-0.5460768221166412,-0.8579291395016376,-0.5064567440726165
-0.4106873705175522,-1.034027237320758,-0.3860906743185687,-0.6063837227892388,-0.5196462980022877,-0.8579291395016376,-0.4223524740486879
-0.41276230525498503,-1.034027237320758,-0.3860906743185687,0.37235678769472064,-0.31504742068542213,-0.8579291395016376,-1.0265014803872408
-0.41234568908224195,-1.034027237320758,-0.3860906743185687,-0.37701367593637564,-0.11415642265078575,-0.8579291395016376,-0.35647079586327746
-0.4142041696070205,-1.034027237320758,-0.3860906743185687,0.04326063351452497,-0.22700905618941017,-0.8579291395016376,-0.8919346483489553
-0.4127879073661592,-1.034027237320758,-0.3860906743185687,0.8196996119916103,-0.4182025237936003,-0.8579291395016376,-0.8036251648238304
-0.4137910446312557,-1.2660230970924875,-0.5761339357039916,0.9906586531241797,-0.45922688046749766,-0.30309414801650153,-1.067151877565473
-0.4128507489117685,-1.2660230970924875,-0.5761339357039916,2.1090157138664027,-0.5010593646772658,-0.30309414801650153,-0.7139139434649734
-0.41250162921393907,-1.2660230970924875,-0.5761339357039916,-0.20035600009938662,-0.5690846884320137,-0.30309414801650153,-0.44898549288959877
-0.40992396211163196,-1.2660230970924875,-0.5761339357039916,1.2399739214425096,-0.5202642778826593,-0.30309414801650153,-1.09799010990758
-0.4088707843565132,-1.2660230970924875,-0.5761339357039916,0.3965759851885005,-0.4506702359700452,-0.30309414801650153,-0.9774406562066159
-0.4108491293108799,-1.2660230970924875,-0.5761339357039916,-0.9696716851959484,-0.38369072432054163,-0.30309414801650153,0.1860017457910613
-0.41348032810018753,-1.2660230970924875,-0.5761339357039916,-0.1875340720144447,-0.24497800963406047,-0.30309414801650153,0.06965750559129358
-0.4139981889853011,-1.2660230970924875,-0.5761339357039916,2.2030431864893165,-0.28324522530322344,-0.30309414801650153,-1.1498544097556693
-0.41135302540808033,-1.123031938239472,-1.0166887689156532,0.7085762352554399,-0.0030626549255265137,-1.505236629567631,-0.8372668728334018
-0.4058788285461152,-1.123031938239472,-1.0166887689156532,0.38660337445576776,0.36682207193379784,-1.505236629567631,-1.1344352935846158
-0.4107769779066618,-1.123031938239472,-1.0166887689156532,1.282713681725651,0.36682207193379784,-1.505236629567631,-1.018091053384848
-0.40996469274304537,-1.123031938239472,-1.0166887689156532,0.949343551517141,1.2762507712713813,-1.505236629567631,-1.05874145056308
-0.4124748633704388,-1.123031938239472,-1.0166887689156532,0.6473159121829356,1.2762507712713813,-1.505236629567631,-1.1162127017460979
-0.41043484060278895,-1.123031938239472,-1.0166887689156532,1.2727410709929183,1.2762507712713813,-1.505236629567631,-1.3713289874853474
-0.41797233487892593,-1.1974457045813474,-1.3276686511827085,0.734220091425325,1.1525597213693168,-1.3202916324059188,-1.068553615399205
-0.4188428066588472,-1.1974457045813474,-1.3276686511827085,0.4549869909087955,1.1525597213693168,-1.3202916324059188,-1.1596665745917945
-0.41891030313376093,-1.5578417886292542,-1.1462637198602599,2.2657281682379247,0.8810288693168221,-1.8751266238910549,-1.357311609148026
-0.41584968711612313,-1.403177882114768,-1.3017536609937872,1.4280288666883354,1.670426861120696,-2.70737911111876,-1.2017187096037585
-0.4150874424425289,-1.403177882114768,-1.3017536609937872,1.1715903049894818,1.670426861120696,-2.70737911111876,-0.5667314709230986
-0.41613247407136494,-1.403177882114768,-1.3017536609937872,1.4095083038989737,1.670426861120696,-2.70737911111876,-0.8456772998357946
-0.4168516606488935,-1.410473349403187,-1.310391991056761,0.9835353597436549,1.8341439925052887,-0.6729841423399261,-1.1344352935846158
-0.4184483014003,-1.410473349403187,-1.310391991056761,1.2114807479204142,1.8341439925052887,-0.6729841423399261,-1.1498544097556693
-0.4165083596126946,-1.3287641157728924,-1.2067320303010762,-0.17471214392950152,1.1765183259621839,-1.7364178760197713,-0.7321365353034912
-0.4179839722021869,-1.3287641157728924,-1.2067320303010762,1.8881936190701682,1.1765183259621839,-1.7364178760197713,-1.3376872794757761
-0.41643271701149825,-1.2339230410234432,-1.1972298672318047,2.2343856773636204,0.6288930781252201,-1.7364178760197713,-1.2395656311145262
-0.41817947923297133,-1.2339230410234432,-1.1972298672318047,2.49224889773858,0.6288930781252201,-1.7364178760197713,-1.3699272496516155
-0.40464178108347293,-0.0797801159955307,-0.5674956056410178,-0.560794645153887,0.07147522603006008,0.0667958463069231,-0.24993872049963475
-0.3937876496779566,-0.0797801159955307,-0.5674956056410178,0.058931878951676064,0.2661388883471059,0.0667958463069231,-0.23592134216231314
-0.391192526590758,-0.0797801159955307,-0.5674956056410178,-0.7146577821731989,0.2661388883471059,0.0667958463069231,0.7579107819537747
-0.40470578636140836,-0.0797801159955307,-0.5674956056410178,-0.3143286941877662,0.21113867899403607,0.0667958463069231,0.2813199184848469
-0.36981243629568494,-0.0797801159955307,-0.5674956056410178,-1.3400829409831814,0.0380092386622457,0.0667958463069231,1.4629849123210419
-0.4002149433149961,-0.0797801159955307,-0.5674956056410178,-0.46249319650265974,0.039007513853615165,0.0667958463069231,0.6471734930889356
-0.37678668412599053,-0.0797801159955307,-0.5674956056410178,-1.2546034204168974,-0.061818280474700865,0.0667958463069231,1.5877395795232025
-0.39524231508557917,-0.0797801159955307,-0.5674956056410178,-0.680465973946685,-0.06771285779516817,0.0667958463069231,0.47335800170615033
-0.40416465082977276,-0.0797801159955307,-0.5674956056410178,0.12874015408080905,0.07147522603006008,0.0667958463069231,-0.45879765772572356
-0.3868215479739338,-0.0797801159955307,-0.5674956056410178,-1.2432061510080594,-0.09865938872762169,0.0667958463069231,2.368507552912005
-0.3974731899547091,-0.0797801159955307,-0.5674956056410178,-0.14621897040740597,0.07147522603006008,0.0667958463069231,-0.4461820172221343
-0.41521079806909533,0.40172072504013456,-0.04055747179961793,-0.5650686211822014,-0.3246498772881189,-0.950401638082495,0.12012006760565058
-0.4123561626731768,0.40172072504013456,-0.04055747179961793,0.5091240206007762,-0.1777608134151831,-0.950401638082495,-0.4153437848800274
-0.40763606435852323,0.40172072504013456,-0.04055747179961793,-0.4753151245876029,-0.43056212140103167,-0.950401638082495,0.7382864522815251
-0.40722177565043227,0.40172072504013456,-0.04055747179961793,0.12589083672859988,-0.2052371496347807,-0.950401638082495,-0.3018030203477239
-0.3788453266108579,-0.7203221439187337,-0.41200566450749,0.949343551517141,-0.44368230963045896,-0.4880391451782146,-0.4125403092125629
-0.3730708868087595,-0.7203221439187337,-0.41200566450749,-0.17186282657729235,-0.35512103908182485,-0.4880391451782146,1.234501645422703
-0.34795172454993345,-0.7203221439187337,-0.41200566450749,0.8467681268375994,-0.24859081508854045,-0.4880391451782146,-0.38170207687045593
-0.3489827913908563,-0.7203221439187337,-0.41200566450749,0.47493221237426225,-0.24859081508854045,-0.4880391451782146,-0.7083069921300449
-0.3838214460372531,-0.7203221439187337,-0.4379206546964113,2.82276971059488,-0.42813773879342004,-0.4880391451782146,-1.1933082826013655
-0.3591968700170187,-0.7203221439187337,-0.4379206546964113,3.476688042926957,-0.42813773879342004,-0.4880391451782146,-1.124623128748491
-0.3760465503665921,-0.7203221439187337,-0.4379206546964113,2.5007968497952064,-0.2754016345138918,-0.4880391451782146,-1.334883803808312
-0.37252742381247167,-0.7203221439187337,-0.4379206546964113,1.2513711908513476,-0.2754016345138918,-0.4880391451782146,-0.8821224835128303
-0.3858160832441851,-0.7203221439187337,-0.4379206546964113,1.9964676784541282,-0.1996277937975618,-0.4880391451782146,-1.2241465149434727
-0.3691060507737435,-0.7203221439187337,-0.4379206546964113,0.38090473975134814,-0.1996277937975618,-0.4880391451782146,-1.246574320283187
-0.358024991564638,-0.7203221439187337,-0.4379206546964113,-0.43257536430446025,-0.05872838107284301,-0.4880391451782146,-0.14060316946852758
-0.36664126570706784,-0.7203221439187337,-0.4379206546964113,1.6061112012014283,-0.05872838107284301,-0.4880391451782146,-1.037715383057098
-0.3535690604880087,-0.7203221439187337,-0.41200566450749,2.923920476598316,0.020610728184092174,-0.4880391451782146,-1.427398500834633
-0.3819431820629309,-0.7203221439187337,-0.41200566450749,2.7957011957488893,-0.0680456161922914,-0.4880391451782146,-1.2199413014422764
-0.3683926828578454,-0.7203221439187337,-0.41200566450749,0.6287953493935742,-0.0680456161922914,-0.4880391451782146,-0.6452287896120984
-0.3820618827601929,-0.7203221439187337,-0.41200566450749,-0.2829862033134615,-0.0680456161922914,-0.4880391451782146,-0.2485369826659024
-0.359935840044091,-0.7203221439187337,-0.41200566450749,0.4934527751636238,0.1677850135402761,-0.4880391451782146,-0.43636985238600956
-0.3609541058294268,-0.7203221439187337,-0.41200566450749,1.5291796326917717,0.1677850135402761,-0.4880391451782146,-1.1106057504111693
-0.41092360817975015,-0.9056270130445806,-1.0944337394824173,0.2797539737479117,1.1384412579485201,-0.8579291395016376,-0.8821224835128303
-0.40975056599504334,-0.9056270130445806,-1.0944337394824173,0.4578363082610047,1.1384412579485201,-0.8579291395016376,-0.740546962305884
-0.4073334939537377,-0.9056270130445806,-1.0944337394824173,0.8724119830074857,1.207940226033385,-0.8579291395016376,-0.17845009097929534
-0.40816789003154996,-0.9056270130445806,-1.0944337394824173,-0.2701642752285196,1.207940226033385,-0.8579291395016376,-0.03547283193861701
-0.40854261184055357,-0.9056270130445806,-1.0944337394824173,0.10452095658702791,1.5404134016732918,-0.8579291395016376,-0.20087789631900962
-0.4056716841920697,-0.9056270130445806,-1.0944337394824173,0.15438401025069415,1.5404134016732918,-0.8579291395016376,-1.0461258100594908
-0.3965352216998741,-0.769931321479984,-1.068518749293496,-0.9853429306331007,1.977467787837619,0.29797709275906326,-0.02145545360129564
-0.3982517268808687,-0.769931321479984,-1.068518749293496,-0.9682470265198432,1.977467787837619,0.29797709275906326,0.8139802953030606
-0.3809703018383129,-0.769931321479984,-1.068518749293496,-0.25164371243915806,2.025289923195604,0.29797709275906326,-0.48963589006783076
-0.3976419311419933,-0.769931321479984,-1.068518749293496,-0.08353398865879783,2.025289923195604,0.29797709275906326,-0.35086384452834873
-0.4013868217673768,-0.769931321479984,-1.068518749293496,0.21137035729488396,1.9164303904224573,0.29797709275906326,-0.43917332805347375
-0.3983215508204346,-0.769931321479984,-1.068518749293496,0.6173980799847362,1.9164303904224573,0.29797709275906326,-0.8540877268381876
-0.40419025294094696,-0.769931321479984,-1.068518749293496,0.2883019258045405,1.71211673458884,0.29797709275906326,-0.9466024238645088
-0.39560307210666956,-0.769931321479984,-1.068518749293496,0.21849365067540752,1.71211673458884,0.29797709275906326,-1.2704038634566335
-0.4109503740232504,-0.769931321479984,-1.068518749293496,0.9578915035737697,2.429924134097361,0.29797709275906326,-1.2788142904590263
-0.37758267703704157,-0.769931321479984,-1.068518749293496,2.812797099862147,2.429924134097361,0.29797709275906326,-1.2774125526252942
-0.4149093913966359,-1.093850069085795,-1.4054136217494724,-0.25164371243915806,2.578999896008534,-0.950401638082495,-0.8526859890044552
-0.4163884951831065,-1.093850069085795,-1.4054136217494724,-0.5821645252954577,2.578999896008534,-0.950401638082495,-0.4770202495642415
-0.41872759715856356,-1.077800041051273,-1.3881369616235248,1.6659468655978273,1.207940226033385,-1.1815828845346343,-1.3376872794757761
-0.34935053080590334,-1.0456999849822286,0.7973605443088366,3.4467702107287583,-0.9479063550997887,-2.5224341139570474,-1.0559379748956157
-0.3433026139071718,-1.0456999849822286,0.7973605443088366,1.493563165789154,-0.9034118037130353,-2.5224341139570474,-0.6816739732891341
-0.3441009342828751,-1.0456999849822286,0.7973605443088366,0.7940557558217239,-0.8482214467044663,-2.5224341139570474,-0.8064286404912946
-0.3576630708112215,-1.0456999849822286,0.7973605443088366,1.3083575378955374,-0.8000190160354835,-2.5224341139570474,-0.42936116321734874
-0.3583601464745543,-1.0456999849822286,0.7973605443088366,1.7599743382207402,-0.7868512908921814,-2.5224341139570474,-0.7559660784769376
-0.3599870442664393,-1.0456999849822286,0.7973605443088366,3.0108246558407057,-0.7161638999604484,-2.5224341139570474,-0.9452006860307767
-0.32447924353253615,-1.0456999849822286,0.7973605443088366,1.4850152137325252,-0.8158488083557707,-2.5224341139570474,-0.19667268281781328
-0.3565039934144279,-1.0456999849822286,0.7973605443088366,1.3126315139238518,-0.8865361992875039,-2.5224341139570474,-0.6382201004434378
-0.33188523605582404,-1.0456999849822286,0.7973605443088366,-1.0323566669445579,-0.8597253798621526,-2.5224341139570474,-0.30881170951638465
-0.32908296861458,-1.0456999849822286,0.7973605443088366,1.0390970481117408,-0.7901313379495384,-2.5224341139570474,0.29954251032336454
-0.35321412212854875,-1.0456999849822286,0.17540077977472532,2.8669341295541275,-0.652892267593174,-2.5224341139570474,-0.730734797469759
-0.35761768525050375,-1.0456999849822286,0.17540077977472532,1.6887414044155034,-0.43878600750136115,-2.5224341139570474,-1.3306785903071154
-0.40996818394002366,-0.6094310411347623,-0.7834538572153615,-0.5194795435468496,0.0582124270590087,0.0667958463069231,0.13974439727790064
-0.3857032012085536,-0.6094310411347623,-0.7834538572153615,-0.6106576988175532,0.3013637415282859,0.0667958463069231,0.04863143808531142
-0.4016521527377271,-0.6094310411347623,-0.7834538572153615,-0.06358876719333108,0.3013637415282859,0.0667958463069231,-0.849882513336991
-0.4071810450190189,-0.6094310411347623,-0.7834538572153615,0.3609595182858827,0.0582124270590087,0.0667958463069231,-0.690084400291527
-0.39469652462463917,-0.6094310411347623,-0.7834538572153615,2.003590971834652,0.2716531703565756,0.0667958463069231,-0.8512842511707231
-0.41394931222760506,-0.6896811813073732,-0.9303054682859156,0.674384427028926,0.13431902617246194,-0.39556664659735724,-1.2788142904590263
-0.40934093221625684,-0.6896811813073732,-0.9303054682859156,0.8111516599349815,0.2244965517928367,-0.39556664659735724,-1.3559098713142939
-0.408334303754182,-0.6896811813073732,-0.9303054682859156,1.399535693166241,0.47164096702759195,-0.39556664659735724,-0.9255763563585268
-0.4133872295140997,-0.6896811813073732,-0.9303054682859156,0.771261217004048,0.5075788739168925,-0.39556664659735724,-1.1905048069339013
-0.4112331609784922,-0.6896811813073732,-0.9303054682859156,0.2811786324240169,0.1641246711719215,-0.39556664659735724,-0.7657782433130625
-0.39603481679965197,-1.139081966273994,-0.9657226215441079,0.7513159955385825,0.14530005327752582,-1.6439453774389146,-1.0937848964063837
-0.41635358321332355,-1.139081966273994,-0.9657226215441079,2.1873719410521644,0.42766932169346056,-1.6439453774389146,-1.246574320283187
-0.4162057892079091,-1.139081966273994,-0.9657226215441079,0.9735627490109221,0.6891223480045111,-1.6439453774389146,-1.1302300800834193
-0.41338490204944744,-1.139081966273994,-0.9657226215441079,1.938056672733833,0.6735302402535975,-1.6439453774389146,-1.3517046578130976
-0.41877065525462914,-1.4484097793029667,-1.3276686511827085,2.3341117846909527,0.9935012075444486,-2.2450166182144793,-1.3306785903071154
-0.4194630759886575,-1.191609330750612,-1.3363069812456823,1.1445217901434916,1.6696187335848254,-1.4590003802772022,-0.6732635462867413
-0.4192419668466989,-1.2966640597038481,-1.4313286119383937,0.23986353081697948,1.6696187335848254,-1.4590003802772022,-0.6199975086049199
-0.41823068345531966,-1.3681596391303559,-1.4658819321902887,-0.07783535395437821,2.516679001918755,-0.11814915085479002,0.03881927324918639
-0.41601260964177683,-0.8487223681949111,-1.2931153309308134,-0.10775318615257896,1.6743248880584243,-0.8579291395016376,-0.7727869324817234
-0.41517588609931233,-0.8487223681949111,-1.2931153309308134,0.04326063351452497,1.6743248880584243,-0.8579291395016376,-0.7083069921300449
-0.41551685967085905,-0.8487223681949111,-1.2931153309308134,0.39942530254071096,1.6743248880584243,-0.8579291395016376,-0.44057506588720585
-0.416442026870107,-0.9027088261292129,-1.2412853505529713,0.8211242706677142,0.6282750982448483,0.34421334204949033,-1.3068490471336691
-0.41134022435249323,-0.9027088261292129,-1.2412853505529713,1.2300013107097756,0.6282750982448483,0.34421334204949033,-1.2746090769578298
-0.4163105251172579,-0.9027088261292129,-1.2412853505529713,0.4920281164875186,0.6282750982448483,0.34421334204949033,-1.1148109639123658
-0.4108991698009021,0.40609800541318597,-1.0166887689156532,-0.22457519759316774,0.8117675858013311,-1.1353466352442065,-0.5709366844242949
-0.4109759761344246,0.40609800541318597,-1.0166887689156532,-0.39268492137352673,0.8117675858013311,-1.1353466352442065,-0.31582039868504524
-0.40546803103500256,0.40609800541318597,-1.0166887689156532,0.5604117329405464,1.029344040606,-1.1353466352442065,-0.8947381240164196
-0.41426584742030365,0.40609800541318597,-1.0166887689156532,0.376630763723035,1.029344040606,-1.1353466352442065,-0.7377434866384198
-0.4041053004811418,0.40609800541318597,-1.0166887689156532,-0.704685171440466,1.2002867828995525,-1.1353466352442065,0.4467249828652395
-0.41299272425555245,-1.2981231531615318,-1.3363069812456823,0.08600039379766637,1.9170483703028287,-1.6901816267293426,-1.076964042401598
-0.41404590201067115,-1.2981231531615318,-1.3363069812456823,1.077562832366569,1.9170483703028287,-1.6901816267293426,-1.1092040125774372
-0.4153772117917273,-1.2981231531615318,-1.3363069812456823,0.8353708574287626,1.9170483703028287,-1.6901816267293426,-0.9227728806910623
-0.4164012962386936,-0.7363721719532559,-1.0512420891675485,0.4350417694433288,0.80653852527511,-1.0891103859537778,-0.441976803720938
-0.40973427374247795,-0.7363721719532559,-1.0512420891675485,0.29969919521337846,0.80653852527511,-1.0891103859537778,-0.5583210439207057
-0.408880094215122,-0.7363721719532559,-1.0512420891675485,0.9935079704763888,0.80653852527511,-1.0891103859537778,-1.0923831585726513
-0.4140994336976717,-1.3068777139076349,-0.7143472167115719,1.3553712742069932,0.10788850205810843,-0.025676652273934286,-0.8022234269900983
-0.4141413280614112,-1.3068777139076349,-0.7143472167115719,0.47208289502205186,-0.20205217640517342,-0.025676652273934286,-0.52187586024367
-0.4117859338333888,-1.3068777139076349,-0.7143472167115719,1.6175084706102663,-0.33078213917795973,-0.025676652273934286,-0.8667033673417768
-0.41477788964378687,-1.3068777139076349,-0.7143472167115719,0.804028366554458,-0.2910888160925548,-0.025676652273934286,-0.7181191569661698
-0.3631477412641215,-0.18045756457571516,-0.09238745217746054,0.49915140986804213,-0.22700905618941017,-0.025676652273934286,-1.13723876925208
-0.3798566100022371,-0.18045756457571516,-0.09238745217746054,-0.4453972923894021,-0.3292134210200935,-0.025676652273934286,-0.37609512553552726
-0.1138180903976183,-0.18045756457571516,-0.09238745217746054,-1.868631309818042,-0.6064011658236819,-0.025676652273934286,-0.0018311239290455864
-0.3285348506889878,-0.18045756457571516,-0.09238745217746054,-0.23169849097369133,-0.5489290369491255,-0.025676652273934286,-0.9353885211946515
-0.3900637062344429,-0.18045756457571516,-0.09238745217746054,-0.3727396999080613,-0.4568500347737609,-0.025676652273934286,-0.13079100463240256
-0.38916879607567356,-0.18045756457571516,-0.09238745217746054,-0.026547641614608014,-0.253011748078891,-0.025676652273934286,-0.6662548571180805
-0.37755241999656297,-0.18045756457571516,-0.09238745217746054,0.4022746198929201,-0.09162392547416062,-0.025676652273934286,-0.4728150360630452
-0.3910098206155606,-0.18045756457571516,-0.09238745217746054,-0.8257811589093692,0.07128507837456116,-0.025676652273934286,-0.16162923697450976
-0.38347930873338026,-0.18045756457571516,-0.09238745217746054,-0.5280274956034783,0.09676486421142005,-0.025676652273934286,0.7957577034645424
-0.39198037337552644,-0.18045756457571516,-0.09238745217746054,-0.7160824408493041,0.11249958270395767,-0.025676652273934286,0.46074236120256085
-0.37373305050230926,-0.18045756457571516,-0.09238745217746054,0.13871276481354178,-0.1248046913587266,-0.025676652273934286,-0.3214273500199739
-0.3651854365671192,-0.18045756457571516,-0.09238745217746054,-0.24452041905863323,0.09833358236928628,-0.025676652273934286,0.010784516574543664
-0.4010132636906993,-0.5481491159120413,-0.5329422853891227,0.2013977465621512,0.35431986358474216,0.5291583392112035,-0.7643765054793304
-0.39938520216648815,-0.5481491159120413,-0.5329422853891227,0.13016481275691427,0.35431986358474216,0.5291583392112035,-0.8106338539924911
-0.37965412057749603,-0.5481491159120413,-0.5329422853891227,-0.34709584373817487,0.4402190669563909,0.5291583392112035,-0.6942896137927234
-0.387476729273527,-0.5481491159120413,-0.5329422853891227,-0.8215071828810548,0.4402190669563909,0.5291583392112035,-0.12798752896493834
-0.38082367156522456,-0.5481491159120413,-0.5329422853891227,0.18572650112499886,0.4402190669563909,0.5291583392112035,-0.9157641915224016
-0.3981900490675855,-0.5481491159120413,-0.5329422853891227,0.20852103994267476,0.7705055445580599,0.5291583392112035,-1.0615449262305443
-0.38520163257600537,-0.5481491159120413,-0.5329422853891227,0.03898665748621058,0.7705055445580599,0.5291583392112035,-0.9115589780212052
-0.39246797722016147,-0.5481491159120413,-0.5329422853891227,-0.2872601793417759,0.7705055445580599,0.5291583392112035,0.01919494357693633
-0.41281700067431165,-1.1522138073931485,-0.8180071774672566,-0.5935617947042956,0.6748137369282153,-0.7192203916303548,-0.37609512553552726
-0.41269248131541914,-1.1522138073931485,-0.8180071774672566,0.06890448968441007,0.6748137369282153,-0.7192203916303548,-0.7447521758070805
-0.41522941778631284,-1.1522138073931485,-0.8180071774672566,-0.20035600009938662,0.9880819993627287,-0.7192203916303548,-0.4994480549039558
-0.4146719900021119,-0.7407494523263074,-1.0089142718589768,-0.824356500233264,1.352737665695832,-0.7192203916303548,-0.03126761843742067
-0.41648392123384653,-0.7407494523263074,-1.0089142718589768,-0.36134243049922327,1.352737665695832,-0.7192203916303548,-0.6760670219542055
-0.414602166062546,-0.8676905831448009,-0.3428990240036998,0.044685292190628924,1.2660778717021877,0.8065758349537706,-0.9774406562066159
-0.41616738604114784,-0.8676905831448009,-0.3428990240036998,0.03613734013400014,1.2660778717021877,0.8065758349537706,-0.8274547079972768
-0.415907873732428,-0.8676905831448009,-0.3428990240036998,-0.3527944784425945,1.0411807321608093,0.8065758349537706,-0.650835740947027
-0.4165293067945644,-0.8676905831448009,-0.3428990240036998,-0.5921371360281917,0.6826573277175467,0.8065758349537706,-0.39992466870897364
-0.4169785074724382,-0.8676905831448009,-0.3428990240036998,-0.5550960104494687,0.8651515400826604,0.8065758349537706,-0.29339259334533097
-0.41667011840602225,-0.8676905831448009,-0.3428990240036998,-0.3214519875682898,0.4835251954962758,0.8065758349537706,-0.58074884926042
-0.41412038087954145,-0.8676905831448009,-0.3428990240036998,-0.42687672960004064,0.4835251954962758,0.8065758349537706,-0.40833509571136656
-0.4133592999382733,-0.8676905831448009,-0.3428990240036998,-0.45109592709382174,0.4835251954962758,0.8065758349537706,-0.47141329822931305
-0.4190034017198488,-1.403177882114768,-0.9734971186007845,1.3624945675875169,1.5415542876062853,-1.3665278816963466,-1.0040736750475265
-0.4176104141255094,-1.349191424180466,-0.3169840338147785,0.36380883563809185,1.1750446816320672,-1.1815828845346343,-0.5611245195881699
-0.41755804617083503,-1.0734227606782216,-0.6106872559558867,0.5860555891104314,0.9208172662299766,-0.39556664659735724,-0.7671799811467948
-0.41696919761382945,-1.0734227606782216,-0.6106872559558867,0.8396448334570757,1.2694054556734191,-0.39556664659735724,-1.127426604415955
-0.41689471874495915,-0.9844180597595077,-0.9734971186007845,-0.38556162799300314,2.0053719562820893,0.15926834488777883,-0.29759780684652754
-0.41334649888268626,-0.9844180597595077,-0.9734971186007845,-0.5508220344211542,2.0053719562820893,0.15926834488777883,0.002374089572150747
-0.418341238026299,-1.0194363027439195,-1.0857954094194435,0.32961702741157795,2.253372035966589,-0.25685789872607445,-0.8821224835128303
-0.41877065525462914,-1.33168230268826,-1.033965429041601,0.49915140986804213,2.162433919724218,-0.6729841423399261,-0.9339867833609194
-0.4171437574627441,-1.4425734054722315,-1.0857954094194435,0.9322476474038847,2.3754468307969123,0.5753945885016305,-0.948004161698241
-0.4132894759987074,-1.4425734054722315,-1.0857954094194435,0.2925759018328549,2.3754468307969123,0.5753945885016305,-0.9353885211946515
-0.411265745483623,-1.3783732933341428,-1.2412853505529713,0.4193705240061764,3.2872999127421076,-0.07191290156436134,-1.0040736750475265
-0.41208734050584817,-1.3783732933341428,-1.2412853505529713,-0.5707672558866197,3.2872999127421076,-0.07191290156436134,-0.6816739732891341
-0.4185285989308008,-1.3302232092305764,-1.249923680615945,0.6316446667457833,3.9605176870361256,-0.6729841423399261,-1.1428457205870086
-0.41551220474155465,-1.3462732372650983,-1.2240086904270238,-0.8856168233057682,3.2280689180541855,1.6388283221814757,-0.6452287896120984
-0.4081131946122234,-1.3462732372650983,-1.2240086904270238,-0.4966850047291736,3.2280689180541855,1.6388283221814757,-0.9928597723776694
0.6248586761284551,1.0159990707250288,1.8598751420546091,-0.10347921012426457,-0.7952177877341352,0.8065758349537706,0.6934308416020966
0.027484616101856905,1.0159990707250288,1.8598751420546091,0.15723332760290332,-0.6131514075938945,0.8065758349537706,0.08647835959607916
0.18482937271659344,1.0159990707250288,1.8598751420546091,-0.22457519759316774,-0.5097586199163425,0.8065758349537706,-0.16443271264197398
0.07538500237637799,1.0159990707250288,1.8598751420546091,-0.24594507773473845,-0.6112974679527796,0.8065758349537706,0.002374089572150747
0.10804049517901478,1.0159990707250288,1.8598751420546091,0.1615073036312177,-0.6069716087901786,0.8065758349537706,-0.6816739732891341
0.025988056330494853,1.0159990707250288,1.8598751420546091,-0.04791752175617872,-0.7128363159892168,0.8065758349537706,0.21543824029943615
0.0075289341739278245,1.0159990707250288,1.8598751420546091,-1.3144390848132963,-0.804059653714836,0.8065758349537706,-0.3452568931934203
0.07085575616320444,1.0159990707250288,1.8598751420546091,-0.6861646086511045,-0.8986105754116869,0.8065758349537706,0.27851644281738264
-0.016204222884515358,1.0159990707250288,1.4106819787799734,3.555044270112717,-0.8986105754116869,0.8065758349537706,-1.0321084317221694
0.10966390177392157,1.0159990707250288,1.4106819787799734,-3.8802493604779404,-1.0371806793565437,0.8065758349537706,-0.7755904081491876
0.009708604820709505,1.0159990707250288,1.4106819787799734,-1.882877896579089,-0.9710568321567853,0.8065758349537706,0.18880522145852552
1.153104708520178,1.0159990707250288,0.6591472633012564,-3.4500024402943077,-1.0859535529920232,0.8065758349537706,0.09488878659847208
0.14950427795788765,1.0159990707250288,0.6591472633012564,-1.8729052858463564,-1.170616796602929,0.8065758349537706,-1.316661211969794
0.2393164839568295,1.0159990707250288,0.6591472633012564,0.5675350263210699,-1.1591128634452428,0.8065758349537706,-1.2507795337843834
0.3404192209835742,1.0159990707250288,0.6591472633012564,1.0419463654639498,-1.2324623215539612,0.8065758349537706,-1.3587133469817583
0.6538751779473835,1.0159990707250288,0.6591472633012564,-0.09778057541984496,-1.2482921138742482,0.8065758349537706,-0.43777159021974166
0.541569189817293,1.0159990707250288,0.9787654756312858,-0.5835891839715629,-1.2670691948547694,0.8065758349537706,-0.5288845494123307
0.8721680876768522,1.0159990707250288,0.9787654756312858,-1.9640834411170602,-1.2458677312666369,0.8065758349537706,3.100214702120183
1.7321779139865585,1.0159990707250288,0.9787654756312858,-3.058221304365503,-1.2635514632280387,0.8065758349537706,3.5487708089144676
1.861456938092789,1.0159990707250288,1.004680465820207,1.4650699922670585,-1.1783177766506363,0.8065758349537706,0.11030790276952555
1.3585965626625685,1.0159990707250288,1.004680465820207,0.5190966313335089,-1.1647222192824618,0.8065758349537706,1.4840109798270238
0.7226738693339729,1.0159990707250288,1.004680465820207,0.7256721393686961,-1.1584948835648712,0.8065758349537706,1.2036634130805954
2.331500061927045,1.0159990707250288,1.004680465820207,0.1358634474613326,-1.1451370107660703,0.8065758349537706,1.5470891823449704
1.658688217593468,1.0159990707250288,1.004680465820207,-0.08780796468711222,-1.1451370107660703,0.8065758349537706,1.2793572561021316
9.933930601860267,1.0159990707250288,1.004680465820207,0.9735627490109221,-1.1306857889481503,0.8065758349537706,0.638763066086543
1.426837826264957,1.0159990707250288,1.004680465820207,0.3709321290186154,-1.081865378398796,0.8065758349537706,1.1812356077408812
0.6486057979748115,1.0159990707250288,1.2551920376464454,-1.0665484751710717,-1.0527727871074573,0.8065758349537706,1.5344735418413813
0.5095933166930973,1.0159990707250288,1.2551920376464454,-1.0893430139887477,-1.0752577473702076,0.8065758349537706,1.6690403738796664
1.9168273221685335,1.0159990707250288,1.2551920376464454,-2.7305498088614115,-1.119752298756961,0.8065758349537706,2.519895238955076
1.5359260945133866,1.0159990707250288,1.2551920376464454,-1.4355350722821996,-1.1261222452161757,0.8065758349537706,2.545126519962255
2.4182679441609136,1.0159990707250288,1.2551920376464454,-2.3259467448476645,-1.106584573613659,0.8065758349537706,2.1904868480280233
2.209180157130881,1.0159990707250288,1.2551920376464454,-1.8301655255632139,-1.082245673709794,0.8065758349537706,2.710531584342647
1.2475415867830333,1.0159990707250288,1.2551920376464454,-2.001124566695783,-1.0484469279448563,0.8065758349537706,2.5184935011213443
0.5281269177185345,1.0159990707250288,1.2551920376464454,-1.2745486418823642,-0.9825607653144716,0.8065758349537706,1.1489956375650423
0.3896904839382388,1.0159990707250288,1.2551920376464454,-0.8143838895005313,-0.8882475281869944,0.8065758349537706,0.6247456877492213
0.19545192138921633,1.0159990707250288,1.2551920376464454,-0.33284925697712775,-0.7735409550072552,0.8065758349537706,0.856032430315025
0.9268402323569377,1.0159990707250288,1.2551920376464454,-1.7788778132234435,-0.9626427984009569,0.8065758349537706,1.8260350112576664
0.5855012488598197,1.0159990707250288,1.194723727205629,-0.13054772497025488,-0.9525649726595129,0.8065758349537706,0.352808548005186
1.134205695544346,1.0159990707250288,1.194723727205629,-0.5664932798583066,-0.956890831822114,0.8065758349537706,0.518213612385579
0.5938789578753993,1.0159990707250288,1.194723727205629,0.2655073869868646,-0.9837016512474653,0.8065758349537706,0.6261474255829537
0.2628320230702923,1.0159990707250288,1.194723727205629,0.1714799143639517,-1.0069472021322112,0.8065758349537706,0.9415384381726855
0.4723003505709597,1.0159990707250288,1.194723727205629,-0.7659454945129702,-1.027578222753847,0.8065758349537706,1.0186340190279533
4.042605524928546,1.0159990707250288,1.194723727205629,-1.1847951452877643,-1.0959363049057178,0.8065758349537706,2.5142882876201478
0.7335035623606413,1.0159990707250288,1.194723727205629,-0.6163563335219716,-1.0908023182072466,0.8065758349537706,2.4273805419287546
2.4941782037922886,1.0159990707250288,1.194723727205629,-0.4240274122478314,-1.0487796863419794,0.8065758349537706,1.9788244351344697
1.2361951966035776,1.0159990707250288,1.194723727205629,0.0831510764454572,-1.0557676126815656,0.8065758349537706,1.0747035323772387
0.696166374410112,1.0159990707250288,1.194723727205629,0.1700552556878465,-1.0249161555768616,0.8065758349537706,1.0733017945435064
2.465736585742453,1.0159990707250288,1.194723727205629,-1.332959647602658,-0.9945876045247799,0.8065758349537706,0.9976079515219709
4.412369834222935,1.0159990707250288,1.194723727205629,-1.0736717685515953,-1.0399378203612784,0.8065758349537706,2.06433044299213
7.483645639967817,1.0159990707250288,1.194723727205629,-0.857123649783674,-1.126455003613299,0.8065758349537706,1.4475657961499884
1.9902937439151018,1.0159990707250288,0.9010205050645219,-3.058221304365503,-1.2440137916255223,0.8065758349537706,1.4980283581643454
0.9702707227669163,1.0159990707250288,0.9010205050645219,-0.96397305049153,-1.1931017568656794,0.8065758349537706,-0.07331975344938475
0.4410971957112932,1.0159990707250288,0.3654440411601482,-0.9511511224065868,-1.1125266878480011,0.8065758349537706,1.9269601352863803
1.2597142269140187,1.0159990707250288,0.3654440411601482,0.8083023425827723,-1.1073927011495295,0.8065758349537706,0.9990096893557032
5.5303209306122705,1.0159990707250288,0.3654440411601482,-0.7516989077519232,-1.132349580933766,0.8065758349537706,-0.35647079586327746
1.214607961954459,1.0159990707250288,0.3654440411601482,0.5304939007423468,-1.0779198145471929,0.8065758349537706,1.2008599374131312
1.768579461146905,1.0159990707250288,0.3654440411601482,-2.3601385530741785,-1.0653700692842625,0.8065758349537706,3.0441451887708966
2.914250661543895,1.0159990707250288,0.3654440411601482,-1.609343430766978,-1.048494464858731,0.8065758349537706,1.041061824367667
4.903104118815214,1.0159990707250288,1.194723727205629,-2.5154263487695956,-1.0157890681129125,0.8065758349537706,3.4099987633749853
1.6840459449791438,1.0159990707250288,1.0737871063239972,0.21279501597098918,-0.9318864151240025,0.8065758349537706,2.298420661225398
0.840293459265027,1.0159990707250288,1.0737871063239972,0.7085762352554399,-0.9391120260329624,0.8065758349537706,1.8414541274287197
2.598274060361758,1.0159990707250288,1.0737871063239972,-1.3970692880273712,-1.020875517897509,0.8065758349537706,1.960601843295952
8.136883506576424,1.0159990707250288,1.0737871063239972,-0.4667671725309741,-0.9471457644777929,0.8065758349537706,1.1167556673892032
0.9541181180806756,1.0159990707250288,1.4106819787799734,0.7684118996518389,-0.9512339390710202,0.8065758349537706,1.4139240881404167
0.8697591617618293,1.0159990707250288,1.4106819787799734,0.18002786642057925,-0.9203824819663162,0.8065758349537706,0.3317824804992039
0.3967240821171752,1.0159990707250288,1.4106819787799734,-0.39695889740184115,-0.9129191864879825,0.8065758349537706,0.4271006531929894
0.9815705636533281,1.0159990707250288,0.5122956522307023,-0.9069867034473402,-0.8765059104599344,0.8065758349537706,0.20282259979584688
0.39996274918070607,1.0159990707250288,0.5122956522307023,-0.25876700581968165,-0.8429448492643706,0.8065758349537706,1.4910196689956845
0.6026500084172002,1.0159990707250288,0.25314575034148923,-1.0252333735640329,-0.8231219561786055,0.8065758349537706,0.6317543769178822
1.425196963685159,1.0159990707250288,1.0737871063239972,-0.5536713517733634,-0.8962812666318248,0.8065758349537706,1.6452108307062203
1.004728836942679,1.0159990707250288,0.25314575034148923,-0.6377262136635435,-0.8544487824220567,0.8065758349537706,0.4256989153592573
3.9623196317510434,1.0159990707250288,1.0737871063239972,-0.1177257968853117,-0.9184810054113268,0.8065758349537706,0.2616955888125968
0.4368169882159047,1.0159990707250288,1.0737871063239972,-0.13054772497025488,-0.8839216690243934,0.8065758349537706,1.2429120724250955
0.6662794008112622,1.0159990707250288,1.0737871063239972,0.1358634474613326,-0.8684246351012292,0.8065758349537706,1.6017569578605235
0.5677392023665854,1.0159990707250288,0.25314575034148923,0.09027436982598078,-0.8282559428770768,0.8065758349537706,0.699037792937025
0.7504649610135201,1.0159990707250288,0.25314575034148923,0.781233827736782,-0.8113803384515454,0.8065758349537706,0.986394048852114
0.32939751212309976,1.0159990707250288,0.25314575034148923,0.19997308788604598,-0.7580439210840911,0.8065758349537706,-0.08733713178670637
0.22896973984549177,1.0159990707250288,1.3674903284651043,0.21564433332319835,-0.7031863224726453,0.8065758349537706,0.4999910205470607
1.1986299171171328,1.0159990707250288,1.3674903284651043,-0.10917784482868292,-0.7476808738593986,0.8065758349537706,0.352808548005186
0.8782544077423448,1.0159990707250288,1.6007252401653962,0.49060345781141335,-0.7940293648872668,0.8065758349537706,1.4882161933282203
1.257677695343347,1.0159990707250288,1.6007252401653962,0.2512608002258174,-0.8520719367283198,0.8065758349537706,0.7565090441200428
1.345702408489402,1.0159990707250288,1.6007252401653962,-0.18895873069054864,-0.894094568593587,0.8065758349537706,1.933968824455041
1.1712472954840463,1.0159990707250288,1.6007252401653962,-0.49810966340527885,-0.9385891199803403,0.8065758349537706,2.9950843645902725
0.6723005518664935,1.0159990707250288,1.6007252401653962,-0.9369045356455397,-0.9402053750520813,0.8065758349537706,1.4335484178126667
2.1456403721259285,1.0159990707250288,1.6007252401653962,-0.6647947285095338,-0.9169122872534604,0.8065758349537706,1.325614604615292
0.7111168436034935,1.0159990707250288,1.6007252401653962,0.1729045730400557,-0.8223613655566095,0.8065758349537706,0.9625645056786674
0.238896376587108,1.0159990707250288,1.6007252401653962,-0.09350659939153057,-0.8510261246230758,0.8065758349537706,0.5518553203951501
0.7393210602588053,1.0159990707250288,1.6007252401653962,0.28545260845233134,-0.8635758698860062,0.8065758349537706,0.8686480708186142
1.0693276183643807,1.0159990707250288,1.6007252401653962,-0.6135070161697623,-0.902936434574288,0.8065758349537706,1.5611065606822916
0.821394446289195,1.0159990707250288,1.6007252401653962,0.248411482873607,-0.8590598630679062,0.8065758349537706,1.5877395795232025
0.31124561530062256,1.0159990707250288,1.6007252401653962,0.08030175909324803,-0.8190813184992528,0.8065758349537706,0.7200638604430069
0.7344694601913025,1.0159990707250288,1.6007252401653962,-0.04791752175617872,-0.7591848070170849,0.8065758349537706,0.5308292528891682
0.6651389431316862,1.0159990707250288,1.3674903284651043,-0.14194499437909286,-0.7289513297927525,0.8065758349537706,0.7677229467898997
0.4553086948776024,1.0159990707250288,1.3674903284651043,0.18857581847720803,-0.7653646058208006,0.8065758349537706,0.9331280111702923
0.3612453746914246,1.0159990707250288,1.3674903284651043,0.6615624989439828,-0.699478443190416,0.8065758349537706,0.6710030362623822
0.21268563340640204,1.0159990707250288,1.3674903284651043,0.5276445833901376,-0.6844567784059992,0.8065758349537706,0.7116534334406143
0.1718421199573394,1.0159990707250288,1.3674903284651043,0.01761677734463861,-0.6782769796022835,0.8065758349537706,0.6471734930889356
0.539339478680489,1.0159990707250288,1.3674903284651043,1.579042686355438,-0.6381082873781311,0.8065758349537706,0.572881387901132
0.6866144594774994,1.0159990707250288,1.3674903284651043,0.6316446667457833,-0.6174772667564954,0.8065758349537706,0.8490237411463641
0.13253124198174793,1.0159990707250288,1.3674903284651043,0.34243895549652115,-0.6461420258229615,0.8065758349537706,0.7677229467898997
0.12280942212952506,1.0159990707250288,1.3674903284651043,-0.4396986576849838,-0.5773085745323432,0.8065758349537706,0.8910758761583285
0.5338105863991973,1.0159990707250288,1.3674903284651043,-0.4966850047291736,-0.4829002635771166,0.8065758349537706,0.6009161445757752
0.48163464755859203,1.0159990707250288,1.3674903284651043,0.023315412049058223,-0.4810463239360017,0.8065758349537706,0.5013927583807931
0.37095672095271265,1.0159990707250288,1.3674903284651043,-0.29010949669398506,-0.512230539437829,0.8065758349537706,0.28692686981977533
0.13948570636250984,1.0159990707250288,1.3674903284651043,0.5931788824909551,-0.5692748360875126,0.8065758349537706,0.528025777221704
0.009261731607487828,1.0159990707250288,1.3674903284651043,0.13016481275691427,-0.5837260579054326,0.8065758349537706,0.27991818065111473
0.3539371356835289,1.0159990707250288,1.3674903284651043,0.046109950866734147,-0.5041968009929985,0.8065758349537706,0.18740348362479342
0.2569086255304534,1.0159990707250288,1.3674903284651043,0.3253430513832636,-0.4722519948691755,0.8065758349537706,-0.3312395148560989
0.4917695923865798,1.0159990707250288,0.8664671848126269,-0.10775318615257896,-0.39533726821985193,0.8065758349537706,0.0794696704274186
-0.05235905879172901,1.0159990707250288,0.8664671848126269,-0.7488495903997127,-0.34632671001499865,0.8065758349537706,0.20702781329704348
0.01878920816125245,1.0159990707250288,0.8664671848126269,-0.4738904659114977,-0.43902369207073466,0.8065758349537706,0.6303526390841497
0.0941176016295781,1.0159990707250288,0.25314575034148923,-0.4012328734301555,-0.596465950823862,0.8065758349537706,1.2148773157504529
1.3920771416844087,1.0159990707250288,0.21859243008959417,-0.5109315914902207,-0.4214825708509571,0.8065758349537706,0.7677229467898997
1.1010742362203352,1.0159990707250288,0.21859243008959417,-0.8143838895005313,-0.4617463369028587,0.8065758349537706,0.29533729682216825
0.0855653327650836,1.0159990707250288,0.21859243008959417,-0.16758885054897793,-0.3620614285075365,0.8065758349537706,0.5098031853831857
0.04944540882765285,1.0159990707250288,-0.19604741293314576,-0.07926001263048343,-0.33073460226408513,0.8065758349537706,0.03040884624679347
-0.005218589726149959,1.0159990707250288,0.21859243008959417,0.21706899199930357,-0.42713946360205063,0.8065758349537706,0.23926778347288252
0.1202561934060659,1.0159990707250288,0.5122956522307023,0.9906586531241797,-0.5999836824505924,0.8065758349537706,-0.13920143163479548
0.5169609060496239,1.0159990707250288,0.25314575034148923,-1.2218362708664887,-0.6489942406554456,0.8065758349537706,0.769124684623632
0.32347062338628246,1.0159990707250288,0.25314575034148923,-0.17471214392950152,-0.755381853907106,0.8065758349537706,1.6045604335279882
0.1463843115916189,1.0159990707250288,0.5122956522307023,0.2840279497762261,-0.7081776984294926,0.8065758349537706,0.8448185276451675
1.3278042053140147,1.0159990707250288,0.5122956522307023,-1.3970692880273712,-0.8054382242172036,0.8065758349537706,1.7181011980602916
0.7703298718200136,1.0159990707250288,0.5122956522307023,-0.14194499437909286,-0.7722574583326374,0.8065758349537706,0.7537055684525785
1.2475415867830333,1.0159990707250288,0.5122956522307023,-0.07926001263048343,-0.8765059104599344,0.8065758349537706,0.06405055425636488
0.2572414529757173,1.0159990707250288,-0.19604741293314576,-0.0607394498411219,-0.17628716908506634,0.8065758349537706,-0.26816131233815244
0.24376194144252394,1.0159990707250288,-0.19604741293314576,0.662987157620088,-0.22025881441919748,0.8065758349537706,-0.6886826624577947
0.24643619832789718,1.0159990707250288,-0.19604741293314576,1.1060560058886633,-0.18275218937203042,0.8065758349537706,-0.7910095243202412
-0.09253342615328529,1.0159990707250288,-0.19604741293314576,-0.7445756143713995,0.14415916734453227,0.8065758349537706,-0.313016923017581
-0.14371553758740283,1.0159990707250288,0.24450742027851546,-0.5892878186759812,-0.033771501288606266,0.8065758349537706,0.09629052443220419
0.006999435965553214,1.0159990707250288,0.24450742027851546,0.03898665748621058,0.09348481715406307,0.8065758349537706,-0.2905891176778667
0.2418499292307448,1.0159990707250288,0.24450742027851546,-0.24309576038252928,-0.11843474489951199,0.8065758349537706,0.32617552916427545
0.14222513225814448,1.0159990707250288,0.24450742027851546,-0.5408494236884203,-0.3055400379104748,0.8065758349537706,-0.16863792614317055
-0.40296135160458746,2.422565163932244,0.46910400191583346,-1.1833704866116606,-0.9384465092387161,0.7603395856633436,0.7579107819537747
-0.3991780578124427,2.422565163932244,0.46910400191583346,-1.2403568336558501,-0.9695831878266685,0.7603395856633436,1.58633784168947
-0.3963746266388725,2.422565163932244,0.46910400191583346,-1.6976722686854726,-0.9376383817028455,0.7603395856633436,2.3867301447505227
-0.4082121118599417,2.422565163932244,0.46910400191583346,-0.42972604695225103,-0.9160090858898404,0.7603395856633436,0.759312519787507
-0.407562749221979,2.422565163932244,0.46910400191583346,-0.42972604695225103,-0.8010648281407277,0.7603395856633436,0.0976922622659363
-0.40034877253249734,-0.21109852718707578,0.261784080404463,-0.82293184155716,-0.671859496229194,0.34421334204949033,-0.09014060745417059
-0.38798295283537965,-0.21109852718707578,0.261784080404463,-0.5109315914902207,-0.671859496229194,0.34421334204949033,0.13133397027550772
-0.39968777257127364,-0.21109852718707578,0.261784080404463,-0.8756442125730355,-0.4736781022854176,0.34421334204949033,0.6934308416020966
-0.3868157293123033,-0.21109852718707578,0.261784080404463,-1.2745486418823642,-0.4736781022854176,0.34421334204949033,1.1896460347432745
-0.38928516930828333,-0.21109852718707578,0.261784080404463,-0.6989865367360477,-0.4289458663292906,0.34421334204949033,0.20282259979584688
-0.3926902500944462,-0.21109852718707578,0.261784080404463,-0.3784383346124796,-0.6588343818275162,0.34421334204949033,0.03741753541545428
-0.399822765521101,-0.21109852718707578,0.261784080404463,-1.0195347388596145,-0.6632077779039919,0.34421334204949033,0.342996383169061
-0.39440559154311466,-0.21109852718707578,0.261784080404463,-0.36704106520364166,-0.6164789915651259,0.34421334204949033,0.2350625699716862
-0.4132289619177503,0.11573840733410301,0.1581241196487778,0.43931574547164315,-0.6257962266845742,1.1764658292771952,-0.4181472605474916
-0.4152492012358565,0.11573840733410301,0.1581241196487778,-0.2345478083259005,-0.7166392690991957,1.1764658292771952,-0.5008497927376879
-0.41344657986273065,0.11573840733410301,0.1581241196487778,0.9849600184197601,-0.7736835657488795,1.1764658292771952,-0.9830476075415445
-0.407764074914394,0.11573840733410301,0.1581241196487778,0.7256721393686961,-0.668436838430213,1.1764658292771952,-0.8653016295080446
-0.41500016251807154,0.11573840733410301,0.1581241196487778,-0.36276708917532724,-0.613246481421644,1.1764658292771952,-0.6690583327855448
